Unnamed: 0,What age range are you?,What is your gender?,What estimated range is your household's monthly income?,"Which area are you from? If not from Karachi please select ""Outside Karachi""",How do you get to Clifton Beach most of the time?,map: Where do you access the beach from most of the time?,Which of the two statements do you agree with more?
0,45 years and above,Male,"25,001 - 50,000 rupees",Outside Karachi,For-hire vehicle,Khyaban-e-Saadi,Agree
1,25 - 44 years,Male,"175,000 - 200,000 rupees",Kemari,Private vehicle,Seaview Road (between Nishan-e-Pakistan and Captain Farhan Ali Shaheed Park),Agree
2,45 years and above,Male,"175,000 - 200,000 rupees",Gulshan-e-Iqbal,Private vehicle,Khyaban-e-Saadi,Disagree
3,25 - 44 years,Male,"200,001 and above",Outside Karachi,,,Disagree
4,45 years and above,Female,Prefer not to answer,Gulzar-e-Hijri,For-hire vehicle,Seaview Road (between Nishan-e-Pakistan and Captain Farhan Ali Shaheed Park),Disagree
5,15 - 24 years,Female,"175,000 - 200,000 rupees",Gulberg,Private vehicle,Dolmen Mall,Agree
6,15 - 24 years,Male,Prefer not to answer,Gulshan-e-Iqbal,Private vehicle,Seaview Road (between Nishan-e-Pakistan and Captain Farhan Ali Shaheed Park),Agree
7,45 years and above,Male,"150,001 - 175,000 rupees",Gulzar-e-Hijri,Private vehicle,Seaview Road (between Nishan-e-Pakistan and Captain Farhan Ali Shaheed Park),Disagree
8,25 - 44 years,Male,"25,001 - 50,000 rupees",Gulshan-e-Iqbal,Private vehicle,Seawall (between Captain Farhan Ali Shaheed Park and Emaar Crescent),Disagree
9,45 years and above,Female,Prefer not to answer,Clifton Cantonment,Private vehicle,Seaview Road (between Nishan-e-Pakistan and Captain Farhan Ali Shaheed Park),Agree
10,25 - 44 years,Male,Prefer not to answer,Ferozabad,Private vehicle,McDonald's/A K Khan Park,Disagree
11,25 - 44 years,Male,Prefer not to answer,North Nazimabad,Private vehicle,Khyaban-e-Saadi,Disagree
12,45 years and above,Male,"25,001 - 50,000 rupees",Outside Karachi,Private vehicle,Khyaban-e-Saadi,Agree
13,15 - 24 years,Male,"125,001 - 150,000 rupees",North Nazimabad,Private vehicle,Clifton Beach Parking Lot,Agree
14,15 - 24 years,Male,Prefer not to answer,Civil Lines,Private vehicle,Seawall (between Captain Farhan Ali Shaheed Park and Emaar Crescent),Agree
15,15 - 24 years,Female,"50,001 - 75,000 rupees",Airport,Private vehicle,McDonald's/A K Khan Park,Agree
16,15 - 24 years,Male,Prefer not to answer,Clifton Cantonment,Private vehicle,Clifton Beach Parking Lot,Agree
17,15 - 24 years,Male,Prefer not to answer,Ferozabad,Private vehicle,Seawall (between Captain Farhan Ali Shaheed Park and Emaar Crescent),Agree
18,25 - 44 years,Male,"50,001 - 75,000 rupees",Clifton Cantonment,Private vehicle,McDonald's/A K Khan Park,Agree
19,15 - 24 years,Male,Prefer not to answer,Clifton Cantonment,Private vehicle,Dolmen Mall,Agree
20,15 - 24 years,Male,"25,001 - 50,000 rupees",Clifton Cantonment,Private vehicle,McDonald's/A K Khan Park,Agree
21,25 - 44 years,Male,"Up to 25,000 rupees",Clifton Cantonment,Private vehicle,Seaview Road (between Nishan-e-Pakistan and Captain Farhan Ali Shaheed Park),Disagree
22,15 - 24 years,Female,"150,001 - 175,000 rupees",Gulshan-e-Iqbal,Private vehicle,McDonald's/A K Khan Park,Agree
23,15 - 24 years,Male,Prefer not to answer,Clifton Cantonment,Private vehicle,McDonald's/A K Khan Park,Agree
24,45 years and above,Male,"150,001 - 175,000 rupees",Nazimabad,Private vehicle,McDonald's/A K Khan Park,Agree
25,15 - 24 years,Male,Prefer not to answer,Gulshan-e-Iqbal,Private vehicle,Seaview Road (between Nishan-e-Pakistan and Captain Farhan Ali Shaheed Park),Agree
26,25 - 44 years,Male,Prefer not to answer,Gulshan-e-Iqbal,Private vehicle,McDonald's/A K Khan Park,Agree
27,15 - 24 years,Male,Prefer not to answer,Clifton Cantonment,Private vehicle,McDonald's/A K Khan Park,Agree
28,25 - 44 years,Female,"200,001 and above",Gulshan-e-Iqbal,For-hire vehicle,McDonald's/A K Khan Park,Agree
29,15 - 24 years,Female,Prefer not to answer,Jamshed Quarters,Private vehicle,Clifton Beach Parking Lot,Disagree
30,25 - 44 years,Male,"50,001 - 75,000 rupees",Jamshed Quarters,Private vehicle,Clifton Beach Parking Lot,Agree
31,15 - 24 years,Male,Prefer not to answer,Clifton Cantonment,Private vehicle,McDonald's/A K Khan Park,Agree
32,15 - 24 years,Male,Prefer not to answer,Baldia,Private vehicle,Seaview Road (between Nishan-e-Pakistan and Captain Farhan Ali Shaheed Park),Agree
33,15 - 24 years,Male,"Up to 25,000 rupees",Baldia,Private vehicle,Clifton Beach Parking Lot,Agree
34,25 - 44 years,Female,Prefer not to answer,Nazimabad,Public transit,Dolmen Mall,Agree
35,15 - 24 years,Female,"125,001 - 150,000 rupees",Gulshan-e-Iqbal,Private vehicle,McDonald's/A K Khan Park,Disagree
36,25 - 44 years,Male,Prefer not to answer,Malir Cantonment,Public transit,,Agree
37,15 - 24 years,Female,"125,001 - 150,000 rupees",Nazimabad,Private vehicle,Seaview Road (between Nishan-e-Pakistan and Captain Farhan Ali Shaheed Park),Disagree
38,15 - 24 years,Female,"25,001 - 50,000 rupees",Orangi,Private vehicle,Clifton Beach Parking Lot,Disagree
39,15 - 24 years,Male,"25,001 - 50,000 rupees",Orangi,Private vehicle,Clifton Beach Parking Lot,Agree
40,45 years and above,Male,"25,001 - 50,000 rupees",Garden,For-hire vehicle,McDonald's/A K Khan Park,Agree
41,15 - 24 years,Male,Prefer not to answer,Saddar,Private vehicle,Seaview Road (between Nishan-e-Pakistan and Captain Farhan Ali Shaheed Park),Agree
42,45 years and above,Transgender,"Up to 25,000 rupees",Civil Lines,Private vehicle,Clifton Beach Parking Lot,Agree
43,25 - 44 years,Female,Prefer not to answer,Gulshan-e-Iqbal,Private vehicle,McDonald's/A K Khan Park,Agree
44,15 - 24 years,Male,"150,001 - 175,000 rupees",Gulshan-e-Iqbal,Private vehicle,McDonald's/A K Khan Park,Disagree
45,Below 15 years,Female,Prefer not to answer,Civil Lines,Private vehicle,McDonald's/A K Khan Park,Agree
46,15 - 24 years,Female,Prefer not to answer,Harbour,Private vehicle,Seaview Road (between Nishan-e-Pakistan and Captain Farhan Ali Shaheed Park),Agree
47,15 - 24 years,Male,"Up to 25,000 rupees",Gulshan-e-Iqbal,Private vehicle,Seaview Road (between Nishan-e-Pakistan and Captain Farhan Ali Shaheed Park),Disagree
48,25 - 44 years,Male,"25,001 - 50,000 rupees",Gulshan-e-Iqbal,Private vehicle,Seaview Road (between Nishan-e-Pakistan and Captain Farhan Ali Shaheed Park),Agree
49,15 - 24 years,Female,Prefer not to answer,New Karachi Town,Private vehicle,Seaview Road (between Nishan-e-Pakistan and Captain Farhan Ali Shaheed Park),Agree
50,25 - 44 years,Female,Prefer not to answer,Garden,Public transit,Seaview Road (between Nishan-e-Pakistan and Captain Farhan Ali Shaheed Park),Agree
51,15 - 24 years,Male,"Up to 25,000 rupees",New Karachi Town,Private vehicle,Clifton Beach Parking Lot,Agree
52,45 years and above,Male,Prefer not to answer,Liaquatabad,Public transit,Seaview Road (between Nishan-e-Pakistan and Captain Farhan Ali Shaheed Park),Agree
53,45 years and above,Male,Prefer not to answer,Gulshan-e-Iqbal,Private vehicle,McDonald's/A K Khan Park,Agree
54,15 - 24 years,Male,Prefer not to answer,Malir Cantonment,Private vehicle,Seaview Road (between Nishan-e-Pakistan and Captain Farhan Ali Shaheed Park),Agree
55,45 years and above,Female,Prefer not to answer,New Karachi Town,Public transit,Seaview Road (between Nishan-e-Pakistan and Captain Farhan Ali Shaheed Park),Agree
56,15 - 24 years,Female,Prefer not to answer,Gulberg,Private vehicle,Seaview Road (between Nishan-e-Pakistan and Captain Farhan Ali Shaheed Park),Agree
57,15 - 24 years,Female,"125,001 - 150,000 rupees",Gulshan-e-Iqbal,Private vehicle,Seaview Road (between Nishan-e-Pakistan and Captain Farhan Ali Shaheed Park),Agree
58,15 - 24 years,Female,"50,001 - 75,000 rupees",Korangi,For-hire vehicle,Clifton Beach Parking Lot,Agree
59,15 - 24 years,Female,"125,001 - 150,000 rupees",Gulshan-e-Iqbal,Private vehicle,Seaview Road (between Nishan-e-Pakistan and Captain Farhan Ali Shaheed Park),Disagree
60,15 - 24 years,Female,"200,001 and above",Clifton Cantonment,Private vehicle,McDonald's/A K Khan Park,Disagree
61,15 - 24 years,Female,"125,001 - 150,000 rupees",Gulshan-e-Iqbal,Private vehicle,Seaview Road (between Nishan-e-Pakistan and Captain Farhan Ali Shaheed Park),Agree
62,15 - 24 years,Female,"200,001 and above",Clifton Cantonment,Private vehicle,McDonald's/A K Khan Park,Disagree
63,15 - 24 years,Female,Prefer not to answer,Malir Cantonment,Private vehicle,Seawall (between Captain Farhan Ali Shaheed Park and Emaar Crescent),Disagree
64,15 - 24 years,Male,"50,001 - 75,000 rupees",Gulshan-e-Iqbal,For-hire vehicle,McDonald's/A K Khan Park,Agree
65,15 - 24 years,Female,Prefer not to answer,Gulshan-e-Iqbal,Private vehicle,McDonald's/A K Khan Park,Agree
66,15 - 24 years,Female,"50,001 - 75,000 rupees",Gulshan-e-Iqbal,Private vehicle,Seaview Road (between Nishan-e-Pakistan and Captain Farhan Ali Shaheed Park),Agree
67,15 - 24 years,Female,Prefer not to answer,Nazimabad,Private vehicle,McDonald's/A K Khan Park,Disagree
68,15 - 24 years,Female,Prefer not to answer,Gulshan-e-Iqbal,Private vehicle,McDonald's/A K Khan Park,Disagree
69,15 - 24 years,Female,"125,001 - 150,000 rupees",Nazimabad,Private vehicle,McDonald's/A K Khan Park,Disagree
70,15 - 24 years,Female,"150,001 - 175,000 rupees",Gulshan-e-Iqbal,Private vehicle,McDonald's/A K Khan Park,Disagree
71,15 - 24 years,Female,"50,001 - 75,000 rupees",Nazimabad,Private vehicle,Seaview Road (between Nishan-e-Pakistan and Captain Farhan Ali Shaheed Park),Disagree
72,15 - 24 years,Female,"Up to 25,000 rupees",Gulshan-e-Iqbal,Private vehicle,McDonald's/A K Khan Park,Disagree
73,15 - 24 years,Female,"Up to 25,000 rupees",Gulzar-e-Hijri,Private vehicle,Seaview Road (between Nishan-e-Pakistan and Captain Farhan Ali Shaheed Park),Disagree
74,15 - 24 years,Female,"200,001 and above",Gulshan-e-Iqbal,Private vehicle,McDonald's/A K Khan Park,Disagree
75,15 - 24 years,Male,"25,001 - 50,000 rupees",Gulshan-e-Iqbal,For-hire vehicle,Dolmen Mall,Disagree
76,15 - 24 years,Female,"200,001 and above",Malir Cantonment,Private vehicle,McDonald's/A K Khan Park,Disagree
77,15 - 24 years,Female,Prefer not to answer,Liaquatabad,Private vehicle,Seawall (between Captain Farhan Ali Shaheed Park and Emaar Crescent),Disagree
78,15 - 24 years,Male,Prefer not to answer,Gulshan-e-Iqbal,Private vehicle,Dolmen Mall,Agree
79,15 - 24 years,Female,"25,001 - 50,000 rupees",Gulberg,Public transit,Seaview Road (between Nishan-e-Pakistan and Captain Farhan Ali Shaheed Park),Disagree
80,15 - 24 years,Female,"125,001 - 150,000 rupees",Ferozabad,Private vehicle,Seawall (between Captain Farhan Ali Shaheed Park and Emaar Crescent),Disagree
81,15 - 24 years,Male,"50,001 - 75,000 rupees",Nazimabad,Private vehicle,Seaview Road (between Nishan-e-Pakistan and Captain Farhan Ali Shaheed Park),Disagree
82,15 - 24 years,Female,"200,001 and above",Clifton Cantonment,Private vehicle,Seaview Road (between Nishan-e-Pakistan and Captain Farhan Ali Shaheed Park),Disagree
83,15 - 24 years,Female,"150,001 - 175,000 rupees",Gulshan-e-Iqbal,Private vehicle,Dolmen Mall,Disagree
84,15 - 24 years,Female,"125,001 - 150,000 rupees",Gulshan-e-Iqbal,Private vehicle,Seaview Road (between Nishan-e-Pakistan and Captain Farhan Ali Shaheed Park),Disagree
85,15 - 24 years,Female,"200,001 and above",Nazimabad,Private vehicle,Seaview Road (between Nishan-e-Pakistan and Captain Farhan Ali Shaheed Park),Agree
86,15 - 24 years,Female,Prefer not to answer,Shah Faisal,Private vehicle,McDonald's/A K Khan Park,Agree
87,15 - 24 years,Male,"125,001 - 150,000 rupees",Gulshan-e-Iqbal,Private vehicle,Seaview Road (between Nishan-e-Pakistan and Captain Farhan Ali Shaheed Park),Agree
88,15 - 24 years,Female,"150,001 - 175,000 rupees",Saddar,Private vehicle,Seaview Road (between Nishan-e-Pakistan and Captain Farhan Ali Shaheed Park),Disagree
89,15 - 24 years,Male,Prefer not to answer,Gulshan-e-Iqbal,Private vehicle,McDonald's/A K Khan Park,Agree
90,15 - 24 years,Female,"200,001 and above",Faisal Cantonment,Private vehicle,Seaview Road (between Nishan-e-Pakistan and Captain Farhan Ali Shaheed Park),Agree
91,25 - 44 years,Female,Prefer not to answer,Shah Faisal,Private vehicle,Seaview Road (between Nishan-e-Pakistan and Captain Farhan Ali Shaheed Park),Disagree
92,15 - 24 years,Female,Prefer not to answer,Malir Cantonment,Private vehicle,Seawall (between Captain Farhan Ali Shaheed Park and Emaar Crescent),Disagree
93,15 - 24 years,Female,"50,001 - 75,000 rupees",Nazimabad,Private vehicle,Seaview Road (between Nishan-e-Pakistan and Captain Farhan Ali Shaheed Park),Disagree
94,15 - 24 years,Female,"25,001 - 50,000 rupees",Gulzar-e-Hijri,Private vehicle,Seaview Road (between Nishan-e-Pakistan and Captain Farhan Ali Shaheed Park),Disagree
95,15 - 24 years,Female,"125,001 - 150,000 rupees",Nazimabad,Private vehicle,Seaview Road (between Nishan-e-Pakistan and Captain Farhan Ali Shaheed Park),Disagree
96,15 - 24 years,Male,"125,001 - 150,000 rupees",Ferozabad,Private vehicle,Seaview Road (between Nishan-e-Pakistan and Captain Farhan Ali Shaheed Park),Agree
97,15 - 24 years,Female,"50,001 - 75,000 rupees",Gulshan-e-Iqbal,Private vehicle,Seaview Road (between Nishan-e-Pakistan and Captain Farhan Ali Shaheed Park),Disagree
98,15 - 24 years,Male,"200,001 and above",Gulshan-e-Iqbal,Private vehicle,Seaview Road (between Nishan-e-Pakistan and Captain Farhan Ali Shaheed Park),Disagree
99,15 - 24 years,Male,"50,001 - 75,000 rupees",Gulshan-e-Iqbal,Private vehicle,Seaview Road (between Nishan-e-Pakistan and Captain Farhan Ali Shaheed Park),Agree
100,15 - 24 years,Female,"125,001 - 150,000 rupees",Gulshan-e-Iqbal,Private vehicle,McDonald's/A K Khan Park,Disagree
101,15 - 24 years,Female,Prefer not to answer,Gulshan-e-Iqbal,For-hire vehicle,Seaview Road (between Nishan-e-Pakistan and Captain Farhan Ali Shaheed Park),Disagree
102,25 - 44 years,Female,"50,001 - 75,000 rupees",Jamshed Quarters,Private vehicle,Seaview Road (between Nishan-e-Pakistan and Captain Farhan Ali Shaheed Park),Agree
103,15 - 24 years,Female,Prefer not to answer,Karachi Cantonment,Private vehicle,McDonald's/A K Khan Park,Agree
104,15 - 24 years,Female,"50,001 - 75,000 rupees",Shah Faisal,Private vehicle,McDonald's/A K Khan Park,Agree
105,15 - 24 years,Male,Prefer not to answer,Gulshan-e-Iqbal,Private vehicle,Seaview Road (between Nishan-e-Pakistan and Captain Farhan Ali Shaheed Park),Agree
106,15 - 24 years,Female,"50,001 - 75,000 rupees",Faisal Cantonment,Private vehicle,Dolmen Mall,Agree
107,15 - 24 years,Female,"25,001 - 50,000 rupees",Jamshed Quarters,Private vehicle,Clifton Beach Parking Lot,Disagree
108,15 - 24 years,Female,"125,001 - 150,000 rupees",Civil Lines,Private vehicle,McDonald's/A K Khan Park,Agree
109,15 - 24 years,Male,"125,001 - 150,000 rupees",Gulshan-e-Iqbal,Private vehicle,Seaview Road (between Nishan-e-Pakistan and Captain Farhan Ali Shaheed Park),Agree
110,15 - 24 years,Female,"25,001 - 50,000 rupees",Jamshed Quarters,Private vehicle,McDonald's/A K Khan Park,Agree
111,15 - 24 years,Male,"200,001 and above",Airport,Private vehicle,Seaview Road (between Nishan-e-Pakistan and Captain Farhan Ali Shaheed Park),Agree
112,15 - 24 years,Female,Prefer not to answer,Gulshan-e-Iqbal,Private vehicle,Seaview Road (between Nishan-e-Pakistan and Captain Farhan Ali Shaheed Park),Agree
113,15 - 24 years,Female,"125,001 - 150,000 rupees",Gulshan-e-Iqbal,Private vehicle,McDonald's/A K Khan Park,Disagree
114,15 - 24 years,Female,Prefer not to answer,Faisal Cantonment,Private vehicle,Seaview Road (between Nishan-e-Pakistan and Captain Farhan Ali Shaheed Park),Disagree
115,15 - 24 years,Female,"200,001 and above",Clifton Cantonment,Private vehicle,Seawall (between Captain Farhan Ali Shaheed Park and Emaar Crescent),Disagree
116,45 years and above,Female,"50,001 - 75,000 rupees",Faisal Cantonment,Private vehicle,Seaview Road (between Nishan-e-Pakistan and Captain Farhan Ali Shaheed Park),Disagree
117,15 - 24 years,Female,Prefer not to answer,Gulshan-e-Iqbal,Private vehicle,McDonald's/A K Khan Park,Disagree
118,15 - 24 years,Female,"200,001 and above",Nazimabad,Public transit,,Agree
119,25 - 44 years,Female,"125,001 - 150,000 rupees",Gulshan-e-Iqbal,Private vehicle,McDonald's/A K Khan Park,Disagree
120,15 - 24 years,Female,"50,001 - 75,000 rupees",Gulshan-e-Iqbal,Private vehicle,Seaview Road (between Nishan-e-Pakistan and Captain Farhan Ali Shaheed Park),Disagree
121,25 - 44 years,Female,Prefer not to answer,Shah Faisal,Private vehicle,Seaview Road (between Nishan-e-Pakistan and Captain Farhan Ali Shaheed Park),Disagree
122,45 years and above,Male,"50,001 - 75,000 rupees",Clifton Cantonment,Private vehicle,Seawall (between Captain Farhan Ali Shaheed Park and Emaar Crescent),Agree
123,15 - 24 years,Male,"Up to 25,000 rupees",Nazimabad,Private vehicle,McDonald's/A K Khan Park,Agree
124,25 - 44 years,Female,"Up to 25,000 rupees",Gulshan-e-Iqbal,Private vehicle,Seaview Road (between Nishan-e-Pakistan and Captain Farhan Ali Shaheed Park),Agree
125,45 years and above,Prefer not to answer,"25,001 - 50,000 rupees",Gulshan-e-Iqbal,Private vehicle,Seaview Road (between Nishan-e-Pakistan and Captain Farhan Ali Shaheed Park),Agree
126,25 - 44 years,Male,"Up to 25,000 rupees",Shah Faisal,Public transit,Dolmen Mall,Agree
127,25 - 44 years,Female,"25,001 - 50,000 rupees",Sindh Industrial Trading Estate (SITE),Private vehicle,Seaview Road (between Nishan-e-Pakistan and Captain Farhan Ali Shaheed Park),Agree
128,15 - 24 years,Male,"25,001 - 50,000 rupees",Gulshan-e-Iqbal,Private vehicle,Seaview Road (between Nishan-e-Pakistan and Captain Farhan Ali Shaheed Park),Disagree
129,15 - 24 years,Male,"Up to 25,000 rupees",Korangi,Private vehicle,Seaview Road (between Nishan-e-Pakistan and Captain Farhan Ali Shaheed Park),Agree
130,25 - 44 years,Male,"Up to 25,000 rupees",Korangi,Private vehicle,Clifton Beach Parking Lot,Agree
131,15 - 24 years,Female,"25,001 - 50,000 rupees",New Karachi Town,Public transit,Seaview Road (between Nishan-e-Pakistan and Captain Farhan Ali Shaheed Park),Agree
132,25 - 44 years,Female,Prefer not to answer,Outside Karachi,Public transit,Seaview Road (between Nishan-e-Pakistan and Captain Farhan Ali Shaheed Park),Agree
133,25 - 44 years,Male,"25,001 - 50,000 rupees",Outside Karachi,Private vehicle,Seaview Road (between Nishan-e-Pakistan and Captain Farhan Ali Shaheed Park),Agree
134,25 - 44 years,Male,"50,001 - 75,000 rupees",Gulshan-e-Iqbal,Private vehicle,Seaview Road (between Nishan-e-Pakistan and Captain Farhan Ali Shaheed Park),Disagree
135,25 - 44 years,Male,"25,001 - 50,000 rupees",Korangi,For-hire vehicle,Seaview Road (between Nishan-e-Pakistan and Captain Farhan Ali Shaheed Park),Agree
136,15 - 24 years,Male,"25,001 - 50,000 rupees",Shah Faisal,Public transit,Seaview Road (between Nishan-e-Pakistan and Captain Farhan Ali Shaheed Park),Agree
137,15 - 24 years,Male,"25,001 - 50,000 rupees",Shah Faisal,Public transit,Seaview Road (between Nishan-e-Pakistan and Captain Farhan Ali Shaheed Park),Agree
138,15 - 24 years,Male,"25,001 - 50,000 rupees",Shah Faisal,Public transit,Seaview Road (between Nishan-e-Pakistan and Captain Farhan Ali Shaheed Park),Agree
139,15 - 24 years,Female,Prefer not to answer,Sindh Industrial Trading Estate (SITE),Private vehicle,Seaview Road (between Nishan-e-Pakistan and Captain Farhan Ali Shaheed Park),Agree
140,25 - 44 years,Male,"Up to 25,000 rupees",Korangi,Private vehicle,Seaview Road (between Nishan-e-Pakistan and Captain Farhan Ali Shaheed Park),Disagree
141,25 - 44 years,Male,"25,001 - 50,000 rupees",Korangi Creek Cantonment,Private vehicle,Seaview Road (between Nishan-e-Pakistan and Captain Farhan Ali Shaheed Park),Agree
142,25 - 44 years,Male,Prefer not to answer,Nazimabad,Private vehicle,McDonald's/A K Khan Park,Agree
143,25 - 44 years,Female,"50,001 - 75,000 rupees",Model Colony,For-hire vehicle,Seaview Road (between Nishan-e-Pakistan and Captain Farhan Ali Shaheed Park),Disagree
144,15 - 24 years,Male,"25,001 - 50,000 rupees",Korangi,Private vehicle,Seawall (between Captain Farhan Ali Shaheed Park and Emaar Crescent),Agree
145,25 - 44 years,Male,"25,001 - 50,000 rupees",Korangi,Private vehicle,Seaview Road (between Nishan-e-Pakistan and Captain Farhan Ali Shaheed Park),Agree
146,25 - 44 years,Female,Prefer not to answer,Malir Cantonment,Private vehicle,Seaview Road (between Nishan-e-Pakistan and Captain Farhan Ali Shaheed Park),Disagree
147,45 years and above,Male,"125,001 - 150,000 rupees",Jamshed Quarters,Private vehicle,Seaview Road (between Nishan-e-Pakistan and Captain Farhan Ali Shaheed Park),Disagree
148,45 years and above,Male,"25,001 - 50,000 rupees",Landhi,Private vehicle,Seaview Road (between Nishan-e-Pakistan and Captain Farhan Ali Shaheed Park),Agree
149,25 - 44 years,Female,"25,001 - 50,000 rupees",Outside Karachi,Private vehicle,Seaview Road (between Nishan-e-Pakistan and Captain Farhan Ali Shaheed Park),Agree
150,25 - 44 years,Female,"Up to 25,000 rupees",Korangi,Chartered bus for trip to beach,Seaview Road (between Nishan-e-Pakistan and Captain Farhan Ali Shaheed Park),Agree
151,25 - 44 years,Male,"25,001 - 50,000 rupees",Orangi,Private vehicle,Seaview Road (between Nishan-e-Pakistan and Captain Farhan Ali Shaheed Park),Agree
152,25 - 44 years,Male,Prefer not to answer,Nazimabad,Private vehicle,Seaview Road (between Nishan-e-Pakistan and Captain Farhan Ali Shaheed Park),Agree
153,45 years and above,Male,"50,001 - 75,000 rupees",Shah Faisal,Private vehicle,Seaview Road (between Nishan-e-Pakistan and Captain Farhan Ali Shaheed Park),Agree
154,25 - 44 years,Female,"25,001 - 50,000 rupees",Landhi,Private vehicle,Seaview Road (between Nishan-e-Pakistan and Captain Farhan Ali Shaheed Park),Agree
155,15 - 24 years,Female,"25,001 - 50,000 rupees",Malir Cantonment,Private vehicle,Seaview Road (between Nishan-e-Pakistan and Captain Farhan Ali Shaheed Park),Agree
156,45 years and above,Female,"50,001 - 75,000 rupees",Malir Cantonment,Private vehicle,Seaview Road (between Nishan-e-Pakistan and Captain Farhan Ali Shaheed Park),Agree
157,25 - 44 years,Female,Prefer not to answer,Gulberg,Private vehicle,Seaview Road (between Nishan-e-Pakistan and Captain Farhan Ali Shaheed Park),Agree
158,25 - 44 years,Male,Prefer not to answer,Liaquatabad,Private vehicle,Seaview Road (between Nishan-e-Pakistan and Captain Farhan Ali Shaheed Park),Disagree
159,25 - 44 years,Male,"25,001 - 50,000 rupees",Faisal Cantonment,Private vehicle,Seaview Road (between Nishan-e-Pakistan and Captain Farhan Ali Shaheed Park),Agree
160,25 - 44 years,Female,"50,001 - 75,000 rupees",Malir Cantonment,Private vehicle,Seaview Road (between Nishan-e-Pakistan and Captain Farhan Ali Shaheed Park),Agree
161,25 - 44 years,Male,"25,001 - 50,000 rupees",Malir Cantonment,Private vehicle,Seaview Road (between Nishan-e-Pakistan and Captain Farhan Ali Shaheed Park),Agree
162,25 - 44 years,Male,Prefer not to answer,Gulshan-e-Iqbal,Private vehicle,Seaview Road (between Nishan-e-Pakistan and Captain Farhan Ali Shaheed Park),Disagree
163,15 - 24 years,Male,Prefer not to answer,Gulshan-e-Iqbal,Private vehicle,Seaview Road (between Nishan-e-Pakistan and Captain Farhan Ali Shaheed Park),Disagree
164,25 - 44 years,Female,"50,001 - 75,000 rupees",Gulshan-e-Iqbal,Private vehicle,Seaview Road (between Nishan-e-Pakistan and Captain Farhan Ali Shaheed Park),Agree
165,15 - 24 years,Male,"Up to 25,000 rupees",Gulshan-e-Iqbal,Private vehicle,Seawall (between Captain Farhan Ali Shaheed Park and Emaar Crescent),Agree
166,25 - 44 years,Male,"Up to 25,000 rupees",Korangi,Private vehicle,Seaview Road (between Nishan-e-Pakistan and Captain Farhan Ali Shaheed Park),Agree
167,25 - 44 years,Male,"25,001 - 50,000 rupees",Orangi,Private vehicle,Seawall (between Captain Farhan Ali Shaheed Park and Emaar Crescent),Agree
168,25 - 44 years,Female,Prefer not to answer,Korangi,Private vehicle,Seaview Road (between Nishan-e-Pakistan and Captain Farhan Ali Shaheed Park),Agree
169,25 - 44 years,Male,"25,001 - 50,000 rupees",Korangi,For-hire vehicle,McDonald's/A K Khan Park,Agree
170,25 - 44 years,Male,Prefer not to answer,Korangi,Private vehicle,Seawall (between Captain Farhan Ali Shaheed Park and Emaar Crescent),Disagree
171,15 - 24 years,Female,Prefer not to answer,Clifton Cantonment,Private vehicle,Seaview Road (between Nishan-e-Pakistan and Captain Farhan Ali Shaheed Park),Agree
172,15 - 24 years,Male,Prefer not to answer,Gulshan-e-Iqbal,Private vehicle,,Disagree
173,25 - 44 years,Male,Prefer not to answer,Clifton Cantonment,Private vehicle,Seawall (between Captain Farhan Ali Shaheed Park and Emaar Crescent),Agree
174,15 - 24 years,Male,"125,001 - 150,000 rupees",Garden,Private vehicle,McDonald's/A K Khan Park,Agree
175,Below 15 years,Female,,Saddar,For-hire vehicle,,Agree
176,Below 15 years,Female,,Gulshan-e-Iqbal,,,Disagree
177,Below 15 years,Female,,Gulshan-e-Iqbal,Private vehicle,,Agree
178,Below 15 years,Female,,Karachi Cantonment,Chartered bus for trip to beach,,Disagree
179,Below 15 years,Female,,Garden,Private vehicle,,Agree
180,Below 15 years,Female,,Garden,Private vehicle,,Agree
181,Below 15 years,Female,,Gulshan-e-Iqbal,Private vehicle,,Agree
182,Below 15 years,Female,,Jamshed Quarters,Private vehicle,,Agree
183,Below 15 years,Female,,Gulshan-e-Iqbal,Private vehicle,,Agree
184,Below 15 years,Female,,Garden,Private vehicle,,Disagree
185,Below 15 years,Female,,Gulshan-e-Iqbal,For-hire vehicle,,Disagree
186,Below 15 years,Female,,Gulshan-e-Iqbal,Private vehicle,,Agree
187,Below 15 years,Female,,Jamshed Quarters,Public transit,,Disagree
188,Below 15 years,Female,,Gulshan-e-Iqbal,For-hire vehicle,,
189,Below 15 years,Female,,Garden,Public transit,,Agree
190,Below 15 years,Female,,Gulshan-e-Iqbal,For-hire vehicle,,
191,Below 15 years,Female,,Liaquatabad,Chartered bus for trip to beach,,Agree
192,Below 15 years,Female,,Liaquatabad,Chartered bus for trip to beach,,Agree
193,Below 15 years,Female,,Gulshan-e-Iqbal,For-hire vehicle,,Disagree
194,Below 15 years,Female,,New Karachi Town,Public transit,,Disagree
195,Below 15 years,Female,,Garden,For-hire vehicle,,Disagree
196,Below 15 years,Female,,Garden,Private vehicle,,Agree
197,Below 15 years,Female,,Jamshed Quarters,Private vehicle,,Disagree
198,Below 15 years,Female,,Gadap,For-hire vehicle,,Agree
199,Below 15 years,Female,,Jamshed Quarters,Private vehicle,,Disagree
200,Below 15 years,Female,,Korangi,Private vehicle,,Agree
201,Below 15 years,Female,,Gulshan-e-Iqbal,,,Agree
202,Below 15 years,Female,,Garden,Public transit,,Agree
203,Below 15 years,Female,,Garden,For-hire vehicle,,Agree
204,Below 15 years,Female,,Garden,Private vehicle,,Agree
205,Below 15 years,Female,,Lyari,Chartered bus for trip to beach,,Agree
206,Below 15 years,Female,,Garden,For-hire vehicle,,Agree
207,Below 15 years,Female,,Garden,For-hire vehicle,,Agree
208,Below 15 years,Female,,Gulshan-e-Iqbal,Chartered bus for trip to beach,,Agree
209,Below 15 years,Female,,Garden,For-hire vehicle,,Agree
210,Below 15 years,Female,,Jamshed Quarters,For-hire vehicle,,Agree
211,Below 15 years,Female,,Garden,Private vehicle,,Agree
212,Below 15 years,Female,,Garden,Private vehicle,,Disagree
213,25 - 44 years,Male,"200,001 and above",Ferozabad,Private vehicle,Seaview Road (between Nishan-e-Pakistan and Captain Farhan Ali Shaheed Park),Agree
214,25 - 44 years,Male,"200,001 and above",Clifton Cantonment,Private vehicle,Seaview Road (between Nishan-e-Pakistan and Captain Farhan Ali Shaheed Park),Agree
215,25 - 44 years,Male,"75,001 - 100,000 rupees",Civil Lines,Private vehicle,Seawall (between Captain Farhan Ali Shaheed Park and Emaar Crescent),Agree
216,25 - 44 years,Female,Prefer not to answer,Outside Karachi,Private vehicle,Seaview Road (between Nishan-e-Pakistan and Captain Farhan Ali Shaheed Park),Agree
217,15 - 24 years,Male,Prefer not to answer,Gulshan-e-Iqbal,Private vehicle,Dolmen Mall,Agree
218,25 - 44 years,Male,"175,000 - 200,000 rupees",Clifton Cantonment,Private vehicle,Seaview Road (between Nishan-e-Pakistan and Captain Farhan Ali Shaheed Park),Agree
219,25 - 44 years,Female,"125,001 - 150,000 rupees",North Nazimabad Town,Private vehicle,McDonald's/A K Khan Park,Agree
220,25 - 44 years,Female,"200,001 and above",Clifton Cantonment,Bicycle,Seaview Road (between Nishan-e-Pakistan and Captain Farhan Ali Shaheed Park),Agree
221,25 - 44 years,Female,"175,000 - 200,000 rupees",Ferozabad,Private vehicle,Dolmen Mall,Agree
222,15 - 24 years,Prefer not to answer,"125,001 - 150,000 rupees",Clifton Cantonment,Private vehicle,Seawall (between Captain Farhan Ali Shaheed Park and Emaar Crescent),Agree
223,25 - 44 years,Female,"50,001 - 75,000 rupees",Clifton Cantonment,Private vehicle,Seaview Road (between Nishan-e-Pakistan and Captain Farhan Ali Shaheed Park),Agree
224,45 years and above,Male,"100,001 - 125,000 rupees",Malir Cantonment,For-hire vehicle,Khyaban-e-Saadi,Agree
225,25 - 44 years,Female,"200,001 and above",Clifton Cantonment,Private vehicle,Seaview Road (between Nishan-e-Pakistan and Captain Farhan Ali Shaheed Park),Agree
226,15 - 24 years,Male,"50,001 - 75,000 rupees",Jamshed Quarters,Private vehicle,McDonald's/A K Khan Park,Agree
227,15 - 24 years,Female,"100,001 - 125,000 rupees",Gulshan-e-Iqbal,For-hire vehicle,Seaview Road (between Nishan-e-Pakistan and Captain Farhan Ali Shaheed Park),Agree
228,25 - 44 years,Male,"200,001 and above",Clifton Cantonment,Private vehicle,Khyaban-e-Saadi,Disagree
229,15 - 24 years,Male,"200,001 and above",Faisal Cantonment,Private vehicle,Dolmen Mall,Agree
230,15 - 24 years,Male,"100,001 - 125,000 rupees",Airport,Private vehicle,Seaview Road (between Nishan-e-Pakistan and Captain Farhan Ali Shaheed Park),Agree
231,15 - 24 years,Female,"200,001 and above",North Nazimabad Town,For-hire vehicle,Dolmen Mall,Agree
232,25 - 44 years,Male,"200,001 and above",Shah Faisal,Private vehicle,Seaview Road (between Nishan-e-Pakistan and Captain Farhan Ali Shaheed Park),Agree
233,25 - 44 years,Male,"150,001 - 175,000 rupees",Clifton Cantonment,Walking,Seaview Road (between Nishan-e-Pakistan and Captain Farhan Ali Shaheed Park),Agree
234,25 - 44 years,Male,"200,001 and above",Clifton Cantonment,Walking,Seaview Road (between Nishan-e-Pakistan and Captain Farhan Ali Shaheed Park),Agree
235,25 - 44 years,Male,"200,001 and above",North Nazimabad Town,Private vehicle,Seawall (between Captain Farhan Ali Shaheed Park and Emaar Crescent),Agree
236,25 - 44 years,Female,Prefer not to answer,Gulshan-e-Iqbal,Chartered bus for trip to beach,Clifton Beach Parking Lot,Agree
237,15 - 24 years,Female,Prefer not to answer,Gulshan-e-Iqbal,Private vehicle,Seaview Road (between Nishan-e-Pakistan and Captain Farhan Ali Shaheed Park),Agree
238,15 - 24 years,Male,"125,001 - 150,000 rupees",Faisal Cantonment,Private vehicle,Seaview Road (between Nishan-e-Pakistan and Captain Farhan Ali Shaheed Park),Agree
239,15 - 24 years,Male,"100,001 - 125,000 rupees",New Karachi Town,Private vehicle,Seawall (between Captain Farhan Ali Shaheed Park and Emaar Crescent),Agree
240,15 - 24 years,Female,"100,001 - 125,000 rupees",Gulshan-e-Iqbal,Private vehicle,Seaview Road (between Nishan-e-Pakistan and Captain Farhan Ali Shaheed Park),Agree
241,25 - 44 years,Female,"50,001 - 75,000 rupees",Faisal Cantonment,Private vehicle,Dolmen Mall,Disagree
242,25 - 44 years,Male,"200,001 and above",Clifton Cantonment,Private vehicle,Dolmen Mall,Agree
243,25 - 44 years,Male,"200,001 and above",Clifton Cantonment,Private vehicle,Seaview Road (between Nishan-e-Pakistan and Captain Farhan Ali Shaheed Park),Agree
244,25 - 44 years,Male,"200,001 and above",Outside Karachi,Private vehicle,Seaview Road (between Nishan-e-Pakistan and Captain Farhan Ali Shaheed Park),Agree
245,25 - 44 years,Male,"100,001 - 125,000 rupees",Clifton Cantonment,For-hire vehicle,McDonald's/A K Khan Park,Agree
246,25 - 44 years,Female,"200,001 and above",Clifton Cantonment,Walking,Seaview Road (between Nishan-e-Pakistan and Captain Farhan Ali Shaheed Park),Disagree
247,25 - 44 years,Female,"200,001 and above",Gulshan-e-Iqbal,Private vehicle,Seawall (between Captain Farhan Ali Shaheed Park and Emaar Crescent),Agree
248,45 years and above,Female,"175,000 - 200,000 rupees",Clifton Cantonment,Private vehicle,Seawall (between Captain Farhan Ali Shaheed Park and Emaar Crescent),Agree
249,25 - 44 years,Female,"200,001 and above",North Nazimabad Town,Private vehicle,Seaview Road (between Nishan-e-Pakistan and Captain Farhan Ali Shaheed Park),Agree
250,15 - 24 years,Male,"75,001 - 100,000 rupees",Outside Karachi,Private vehicle,Seawall (between Captain Farhan Ali Shaheed Park and Emaar Crescent),Agree
251,25 - 44 years,Male,"200,001 and above",Gulshan-e-Iqbal,Private vehicle,Dolmen Mall,Agree
252,25 - 44 years,Female,"200,001 and above",Outside Karachi,Private vehicle,,Agree
253,25 - 44 years,Female,"200,001 and above",North Nazimabad Town,Private vehicle,Seaview Road (between Nishan-e-Pakistan and Captain Farhan Ali Shaheed Park),Agree
254,45 years and above,Male,"150,001 - 175,000 rupees",Clifton Cantonment,Private vehicle,Seaview Road (between Nishan-e-Pakistan and Captain Farhan Ali Shaheed Park),Agree
255,25 - 44 years,Male,Prefer not to answer,Nazimabad,Private vehicle,McDonald's/A K Khan Park,Agree
256,25 - 44 years,Male,"75,001 - 100,000 rupees",Garden,Private vehicle,Clifton Beach Parking Lot,Disagree
257,25 - 44 years,Male,"200,001 and above",Clifton Cantonment,Private vehicle,Clifton Beach Parking Lot,Agree
258,45 years and above,Female,Prefer not to answer,Gulshan-e-Iqbal,Private vehicle,Seaview Road (between Nishan-e-Pakistan and Captain Farhan Ali Shaheed Park),Disagree
259,25 - 44 years,Male,"200,001 and above",North Nazimabad Town,Private vehicle,Seawall (between Captain Farhan Ali Shaheed Park and Emaar Crescent),Agree
260,45 years and above,Female,"75,001 - 100,000 rupees",,Private vehicle,Seawall (between Captain Farhan Ali Shaheed Park and Emaar Crescent),Agree
261,45 years and above,Male,"125,001 - 150,000 rupees",North Nazimabad Town,Private vehicle,Seawall (between Captain Farhan Ali Shaheed Park and Emaar Crescent),Agree
262,45 years and above,Male,"200,001 and above",North Nazimabad Town,Private vehicle,McDonald's/A K Khan Park,Agree
263,25 - 44 years,Male,"200,001 and above",Clifton Cantonment,Private vehicle,Seawall (between Captain Farhan Ali Shaheed Park and Emaar Crescent),Agree
264,45 years and above,Male,"50,001 - 75,000 rupees",Gulshan-e-Iqbal,Private vehicle,Seaview Road (between Nishan-e-Pakistan and Captain Farhan Ali Shaheed Park),Agree
265,25 - 44 years,Female,"150,001 - 175,000 rupees",Gulberg,For-hire vehicle,Seaview Road (between Nishan-e-Pakistan and Captain Farhan Ali Shaheed Park),Agree
266,25 - 44 years,Female,"200,001 and above",Outside Karachi,Private vehicle,Seaview Road (between Nishan-e-Pakistan and Captain Farhan Ali Shaheed Park),Agree
267,45 years and above,Male,"200,001 and above",Clifton Cantonment,Private vehicle,Seawall (between Captain Farhan Ali Shaheed Park and Emaar Crescent),Agree
268,25 - 44 years,Female,"200,001 and above",Ferozabad,Private vehicle,Dolmen Mall,Agree
269,25 - 44 years,Male,"100,001 - 125,000 rupees",Malir Cantonment,Private vehicle,McDonald's/A K Khan Park,Agree
270,25 - 44 years,Female,"175,000 - 200,000 rupees",Korangi,Private vehicle,Seawall (between Captain Farhan Ali Shaheed Park and Emaar Crescent),Agree
271,15 - 24 years,Male,"100,001 - 125,000 rupees",Gulshan-e-Iqbal,Private vehicle,Dolmen Mall,Agree
272,15 - 24 years,Female,"125,001 - 150,000 rupees",Outside Karachi,Private vehicle,Clifton Beach Parking Lot,Agree
273,15 - 24 years,Male,"175,000 - 200,000 rupees",Shah Faisal,Private vehicle,Seaview Road (between Nishan-e-Pakistan and Captain Farhan Ali Shaheed Park),Agree
274,15 - 24 years,Male,"200,001 and above",North Nazimabad Town,Private vehicle,Dolmen Mall,Agree
275,45 years and above,Male,"200,001 and above",Saddar,Private vehicle,Clifton Beach Parking Lot,Disagree
276,25 - 44 years,Male,"200,001 and above",,Private vehicle,Seawall (between Captain Farhan Ali Shaheed Park and Emaar Crescent),Disagree
277,25 - 44 years,Male,"50,001 - 75,000 rupees",Gulshan-e-Iqbal,Private vehicle,Seaview Road (between Nishan-e-Pakistan and Captain Farhan Ali Shaheed Park),Agree
278,25 - 44 years,Male,"100,001 - 125,000 rupees",Gulzar-e-Hijri,Private vehicle,Seaview Road (between Nishan-e-Pakistan and Captain Farhan Ali Shaheed Park),Agree
279,25 - 44 years,Male,"200,001 and above",Clifton Cantonment,Private vehicle,Seawall (between Captain Farhan Ali Shaheed Park and Emaar Crescent),Agree
280,15 - 24 years,Male,"50,001 - 75,000 rupees",Gulshan-e-Iqbal,Private vehicle,Seaview Road (between Nishan-e-Pakistan and Captain Farhan Ali Shaheed Park),Agree
281,15 - 24 years,Female,"150,001 - 175,000 rupees",Gulshan-e-Iqbal,Private vehicle,Dolmen Mall,Agree
282,25 - 44 years,Female,"50,001 - 75,000 rupees",North Nazimabad Town,Private vehicle,Khyaban-e-Saadi,Disagree
283,45 years and above,Male,"125,001 - 150,000 rupees",Clifton Cantonment,Private vehicle,Seaview Road (between Nishan-e-Pakistan and Captain Farhan Ali Shaheed Park),Agree
284,15 - 24 years,Female,"75,001 - 100,000 rupees",Ferozabad,For-hire vehicle,McDonald's/A K Khan Park,Agree
285,25 - 44 years,Male,"50,001 - 75,000 rupees",Civil Lines,Private vehicle,Seaview Road (between Nishan-e-Pakistan and Captain Farhan Ali Shaheed Park),Agree
286,25 - 44 years,Male,"200,001 and above",Outside Karachi,Private vehicle,Seawall (between Captain Farhan Ali Shaheed Park and Emaar Crescent),Disagree
287,25 - 44 years,Female,"200,001 and above",Karachi Cantonment,Private vehicle,Seaview Road (between Nishan-e-Pakistan and Captain Farhan Ali Shaheed Park),Agree
288,25 - 44 years,Female,"200,001 and above",Gulshan-e-Iqbal,Private vehicle,Seaview Road (between Nishan-e-Pakistan and Captain Farhan Ali Shaheed Park),Agree
289,15 - 24 years,Female,"200,001 and above",Gulshan-e-Iqbal,For-hire vehicle,McDonald's/A K Khan Park,Agree
290,25 - 44 years,Male,"200,001 and above",Gulshan-e-Iqbal,Private vehicle,Seaview Road (between Nishan-e-Pakistan and Captain Farhan Ali Shaheed Park),Disagree
291,25 - 44 years,Male,"125,001 - 150,000 rupees",Gulzar-e-Hijri,Private vehicle,Seawall (between Captain Farhan Ali Shaheed Park and Emaar Crescent),Agree
292,25 - 44 years,Female,"200,001 and above",Gulberg,Private vehicle,Clifton Beach Parking Lot,Agree
293,25 - 44 years,Female,"175,000 - 200,000 rupees",Saddar,Private vehicle,Clifton Beach Parking Lot,Agree
294,25 - 44 years,Female,Prefer not to answer,Civil Lines,Private vehicle,Seaview Road (between Nishan-e-Pakistan and Captain Farhan Ali Shaheed Park),Agree
295,25 - 44 years,Male,"100,001 - 125,000 rupees",Malir Cantonment,Private vehicle,Clifton Beach Parking Lot,Agree
296,25 - 44 years,Female,Prefer not to answer,Faisal Cantonment,Private vehicle,Seaview Road (between Nishan-e-Pakistan and Captain Farhan Ali Shaheed Park),Agree
297,25 - 44 years,Female,"200,001 and above",Clifton Cantonment,Walking,Seaview Road (between Nishan-e-Pakistan and Captain Farhan Ali Shaheed Park),Agree
298,25 - 44 years,Male,"200,001 and above",Clifton Cantonment,Private vehicle,Seaview Road (between Nishan-e-Pakistan and Captain Farhan Ali Shaheed Park),Agree
299,25 - 44 years,Male,"200,001 and above",Malir Cantonment,Private vehicle,Clifton Beach Parking Lot,Agree
300,45 years and above,Male,"175,000 - 200,000 rupees",Clifton Cantonment,Private vehicle,Seaview Road (between Nishan-e-Pakistan and Captain Farhan Ali Shaheed Park),Agree
301,25 - 44 years,Male,"50,001 - 75,000 rupees",Gulshan-e-Iqbal,Private vehicle,McDonald's/A K Khan Park,Disagree
302,25 - 44 years,Female,"200,001 and above",Jamshed Quarters,Private vehicle,McDonald's/A K Khan Park,Agree
303,25 - 44 years,Female,"125,001 - 150,000 rupees",North Nazimabad Town,Private vehicle,Seaview Road (between Nishan-e-Pakistan and Captain Farhan Ali Shaheed Park),Agree
304,25 - 44 years,Female,"200,001 and above",Gulshan-e-Iqbal,Private vehicle,Seaview Road (between Nishan-e-Pakistan and Captain Farhan Ali Shaheed Park),Agree
305,25 - 44 years,Prefer not to answer,"25,001 - 50,000 rupees",Clifton Cantonment,For-hire vehicle,Dolmen Mall,Agree
306,25 - 44 years,Female,"200,001 and above",Clifton Cantonment,Walking,Seaview Road (between Nishan-e-Pakistan and Captain Farhan Ali Shaheed Park),Agree
307,15 - 24 years,Male,Prefer not to answer,Orangi,Private vehicle,,Agree
308,15 - 24 years,Female,"100,001 - 125,000 rupees",Liaquatabad,Private vehicle,Seaview Road (between Nishan-e-Pakistan and Captain Farhan Ali Shaheed Park),Disagree
309,25 - 44 years,Male,"Up to 25,000 rupees",Clifton Cantonment,Private vehicle,Seawall (between Captain Farhan Ali Shaheed Park and Emaar Crescent),Agree
310,15 - 24 years,Female,"175,000 - 200,000 rupees",Garden,Private vehicle,Seawall (between Captain Farhan Ali Shaheed Park and Emaar Crescent),Agree
311,25 - 44 years,Male,"175,000 - 200,000 rupees",Clifton Cantonment,Private vehicle,Seaview Road (between Nishan-e-Pakistan and Captain Farhan Ali Shaheed Park),Agree
312,25 - 44 years,Female,"150,001 - 175,000 rupees",Gulshan-e-Iqbal,Private vehicle,McDonald's/A K Khan Park,Agree
313,25 - 44 years,Male,"100,001 - 125,000 rupees",Outside Karachi,Private vehicle,Dolmen Mall,Agree
314,15 - 24 years,Male,"150,001 - 175,000 rupees",Gulberg,Private vehicle,Seawall (between Captain Farhan Ali Shaheed Park and Emaar Crescent),Agree
315,25 - 44 years,Male,"150,001 - 175,000 rupees",Gulshan-e-Iqbal,Private vehicle,Seaview Road (between Nishan-e-Pakistan and Captain Farhan Ali Shaheed Park),Disagree
316,15 - 24 years,Male,"200,001 and above",Nazimabad,Private vehicle,McDonald's/A K Khan Park,Disagree
317,15 - 24 years,Female,"200,001 and above",Garden,Private vehicle,Seawall (between Captain Farhan Ali Shaheed Park and Emaar Crescent),Agree
318,15 - 24 years,Male,"150,001 - 175,000 rupees",Gulshan-e-Iqbal,Private vehicle,Seawall (between Captain Farhan Ali Shaheed Park and Emaar Crescent),Disagree
319,15 - 24 years,Male,"125,001 - 150,000 rupees",Gulshan-e-Iqbal,Private vehicle,McDonald's/A K Khan Park,Disagree
320,15 - 24 years,Female,"75,001 - 100,000 rupees",Gulshan-e-Iqbal,Private vehicle,Dolmen Mall,Disagree
321,15 - 24 years,Male,"175,000 - 200,000 rupees",Nazimabad,Private vehicle,Seawall (between Captain Farhan Ali Shaheed Park and Emaar Crescent),Disagree
322,25 - 44 years,Female,"75,001 - 100,000 rupees",Faisal Cantonment,Private vehicle,Dolmen Mall,Disagree
323,25 - 44 years,Female,"75,001 - 100,000 rupees",Ferozabad,Private vehicle,Seaview Road (between Nishan-e-Pakistan and Captain Farhan Ali Shaheed Park),Agree
324,25 - 44 years,Female,"50,001 - 75,000 rupees",Gulshan-e-Iqbal,Private vehicle,Seawall (between Captain Farhan Ali Shaheed Park and Emaar Crescent),Disagree
325,15 - 24 years,Male,"50,001 - 75,000 rupees",North Nazimabad Town,Private vehicle,McDonald's/A K Khan Park,Disagree
326,15 - 24 years,Female,Prefer not to answer,North Nazimabad Town,Private vehicle,McDonald's/A K Khan Park,Agree
327,15 - 24 years,Male,"75,001 - 100,000 rupees",Liaquatabad,Private vehicle,Seaview Road (between Nishan-e-Pakistan and Captain Farhan Ali Shaheed Park),Disagree
328,25 - 44 years,Female,"200,001 and above",Clifton Cantonment,Private vehicle,Seaview Road (between Nishan-e-Pakistan and Captain Farhan Ali Shaheed Park),Agree
329,25 - 44 years,Female,Prefer not to answer,Clifton Cantonment,Private vehicle,McDonald's/A K Khan Park,Agree
330,25 - 44 years,Male,"150,001 - 175,000 rupees",Clifton Cantonment,Private vehicle,Seaview Road (between Nishan-e-Pakistan and Captain Farhan Ali Shaheed Park),Agree
331,25 - 44 years,Female,"200,001 and above",Clifton Cantonment,Private vehicle,McDonald's/A K Khan Park,Agree
332,15 - 24 years,Male,"200,001 and above",Clifton Cantonment,Private vehicle,Clifton Beach Parking Lot,Disagree
333,15 - 24 years,Female,Prefer not to answer,,Private vehicle,Clifton Beach Parking Lot,Disagree
334,15 - 24 years,Female,Prefer not to answer,New Karachi Town,Private vehicle,Seaview Road (between Nishan-e-Pakistan and Captain Farhan Ali Shaheed Park),Agree
335,15 - 24 years,Male,"200,001 and above",Malir Cantonment,Private vehicle,Seaview Road (between Nishan-e-Pakistan and Captain Farhan Ali Shaheed Park),Agree
336,15 - 24 years,Female,"50,001 - 75,000 rupees",Gulshan-e-Iqbal,Private vehicle,Seaview Road (between Nishan-e-Pakistan and Captain Farhan Ali Shaheed Park),Agree
337,25 - 44 years,Female,"150,001 - 175,000 rupees",Clifton Cantonment,Private vehicle,,Disagree
338,25 - 44 years,Male,"Up to 25,000 rupees",Korangi,Walking,McDonald's/A K Khan Park,Agree
339,15 - 24 years,Male,"125,001 - 150,000 rupees",Outside Karachi,For-hire vehicle,McDonald's/A K Khan Park,Agree
340,15 - 24 years,Male,"50,001 - 75,000 rupees",Clifton Cantonment,Private vehicle,McDonald's/A K Khan Park,Agree
341,25 - 44 years,Male,"200,001 and above",Clifton Cantonment,Private vehicle,Seawall (between Captain Farhan Ali Shaheed Park and Emaar Crescent),Agree
342,25 - 44 years,Female,"200,001 and above",Gulshan-e-Iqbal,Private vehicle,Seawall (between Captain Farhan Ali Shaheed Park and Emaar Crescent),Agree
343,25 - 44 years,Male,Prefer not to answer,Outside Karachi,Private vehicle,Dolmen Mall,Agree
344,25 - 44 years,Female,Prefer not to answer,Clifton Cantonment,Private vehicle,Seawall (between Captain Farhan Ali Shaheed Park and Emaar Crescent),Agree
345,45 years and above,Male,"200,001 and above",Faisal Cantonment,Private vehicle,Seaview Road (between Nishan-e-Pakistan and Captain Farhan Ali Shaheed Park),Agree
346,25 - 44 years,Male,"100,001 - 125,000 rupees",North Nazimabad Town,Private vehicle,Dolmen Mall,Agree
347,25 - 44 years,Female,"175,000 - 200,000 rupees",Gulshan-e-Iqbal,Private vehicle,Seaview Road (between Nishan-e-Pakistan and Captain Farhan Ali Shaheed Park),Agree
348,25 - 44 years,Female,"200,001 and above",North Nazimabad Town,Private vehicle,Clifton Beach Parking Lot,Agree
349,15 - 24 years,Male,"200,001 and above",Outside Karachi,,,Disagree
350,15 - 24 years,Male,"200,001 and above",Outside Karachi,,,Disagree
351,15 - 24 years,Female,"175,000 - 200,000 rupees",Clifton Cantonment,Walking,Seaview Road (between Nishan-e-Pakistan and Captain Farhan Ali Shaheed Park),Agree
352,15 - 24 years,Female,"25,001 - 50,000 rupees",Gulshan-e-Iqbal,Private vehicle,Clifton Beach Parking Lot,Agree
353,15 - 24 years,Female,"125,001 - 150,000 rupees",Gulshan-e-Iqbal,Private vehicle,McDonald's/A K Khan Park,Agree
354,15 - 24 years,Female,"200,001 and above",Gulshan-e-Iqbal,Private vehicle,Seaview Road (between Nishan-e-Pakistan and Captain Farhan Ali Shaheed Park),Agree
355,15 - 24 years,Female,Prefer not to answer,Gulshan-e-Iqbal,Private vehicle,McDonald's/A K Khan Park,Disagree
356,15 - 24 years,Male,"Up to 25,000 rupees",Gulshan-e-Iqbal,Private vehicle,Dolmen Mall,Agree
357,15 - 24 years,Prefer not to answer,"25,001 - 50,000 rupees",Lyari,For-hire vehicle,McDonald's/A K Khan Park,Disagree
358,15 - 24 years,Female,"75,001 - 100,000 rupees",Jamshed Quarters,Private vehicle,Dolmen Mall,Agree
359,15 - 24 years,Female,Prefer not to answer,Saddar,Private vehicle,Seaview Road (between Nishan-e-Pakistan and Captain Farhan Ali Shaheed Park),Agree
360,15 - 24 years,Female,"100,001 - 125,000 rupees",Malir Cantonment,Private vehicle,Seaview Road (between Nishan-e-Pakistan and Captain Farhan Ali Shaheed Park),Agree
361,15 - 24 years,Female,"75,001 - 100,000 rupees",Jamshed Quarters,Private vehicle,Khyaban-e-Saadi,Agree
362,15 - 24 years,Male,"25,001 - 50,000 rupees",Gulshan-e-Iqbal,Private vehicle,McDonald's/A K Khan Park,Disagree
363,15 - 24 years,Male,"75,001 - 100,000 rupees",Saddar,Private vehicle,Clifton Beach Parking Lot,Disagree
364,15 - 24 years,Male,"50,001 - 75,000 rupees",Mauripur,Private vehicle,Seaview Road (between Nishan-e-Pakistan and Captain Farhan Ali Shaheed Park),Agree
365,15 - 24 years,Female,"50,001 - 75,000 rupees",North Nazimabad Town,Private vehicle,Khyaban-e-Saadi,Agree
366,15 - 24 years,Male,"125,001 - 150,000 rupees",Saddar,Private vehicle,McDonald's/A K Khan Park,Disagree
367,15 - 24 years,Female,Prefer not to answer,Outside Karachi,Private vehicle,Seaview Road (between Nishan-e-Pakistan and Captain Farhan Ali Shaheed Park),Disagree
368,15 - 24 years,Female,"100,001 - 125,000 rupees",Gulshan-e-Iqbal,Private vehicle,Seaview Road (between Nishan-e-Pakistan and Captain Farhan Ali Shaheed Park),Agree
369,15 - 24 years,Female,Prefer not to answer,North Nazimabad Town,Private vehicle,Seawall (between Captain Farhan Ali Shaheed Park and Emaar Crescent),Disagree
370,15 - 24 years,Female,"75,001 - 100,000 rupees",Gulshan-e-Iqbal,Private vehicle,McDonald's/A K Khan Park,Disagree
371,15 - 24 years,Female,Prefer not to answer,Gulshan-e-Iqbal,Private vehicle,Khyaban-e-Saadi,Agree
372,25 - 44 years,Male,"100,001 - 125,000 rupees",Landhi,Private vehicle,Seawall (between Captain Farhan Ali Shaheed Park and Emaar Crescent),Agree
373,15 - 24 years,Female,"25,001 - 50,000 rupees",Garden,Private vehicle,Clifton Beach Parking Lot,Agree
374,15 - 24 years,Male,Prefer not to answer,Gulberg,Private vehicle,Seawall (between Captain Farhan Ali Shaheed Park and Emaar Crescent),Disagree
375,15 - 24 years,Female,"75,001 - 100,000 rupees",Malir Cantonment,Private vehicle,Seaview Road (between Nishan-e-Pakistan and Captain Farhan Ali Shaheed Park),Agree
376,15 - 24 years,Female,"50,001 - 75,000 rupees",Jamshed Quarters,Private vehicle,Seawall (between Captain Farhan Ali Shaheed Park and Emaar Crescent),Disagree
377,15 - 24 years,Female,"25,001 - 50,000 rupees",Sindh Industrial Trading Estate (SITE),For-hire vehicle,McDonald's/A K Khan Park,Disagree
378,15 - 24 years,Female,"100,001 - 125,000 rupees",Model Colony,Private vehicle,Seawall (between Captain Farhan Ali Shaheed Park and Emaar Crescent),Agree
379,15 - 24 years,Female,"150,001 - 175,000 rupees",Gulshan-e-Iqbal,Private vehicle,Seaview Road (between Nishan-e-Pakistan and Captain Farhan Ali Shaheed Park),Agree
380,15 - 24 years,Female,"200,001 and above",Gulshan-e-Iqbal,Private vehicle,Seaview Road (between Nishan-e-Pakistan and Captain Farhan Ali Shaheed Park),Disagree
381,15 - 24 years,Female,"125,001 - 150,000 rupees",Jamshed Quarters,Private vehicle,Seaview Road (between Nishan-e-Pakistan and Captain Farhan Ali Shaheed Park),Agree
382,15 - 24 years,Female,"150,001 - 175,000 rupees",Gulshan-e-Iqbal,Private vehicle,Seaview Road (between Nishan-e-Pakistan and Captain Farhan Ali Shaheed Park),Disagree
383,25 - 44 years,Male,"75,001 - 100,000 rupees",Nazimabad,Private vehicle,McDonald's/A K Khan Park,Agree
384,15 - 24 years,Female,"125,001 - 150,000 rupees",Jamshed Quarters,Private vehicle,Seaview Road (between Nishan-e-Pakistan and Captain Farhan Ali Shaheed Park),Agree
385,25 - 44 years,Male,"200,001 and above",North Nazimabad Town,Private vehicle,Seaview Road (between Nishan-e-Pakistan and Captain Farhan Ali Shaheed Park),Agree
386,25 - 44 years,Female,Prefer not to answer,Clifton Cantonment,Private vehicle,Seawall (between Captain Farhan Ali Shaheed Park and Emaar Crescent),Agree
387,25 - 44 years,Male,Prefer not to answer,Shah Faisal,Private vehicle,Seawall (between Captain Farhan Ali Shaheed Park and Emaar Crescent),Agree
388,Below 15 years,Female,Prefer not to answer,Clifton Cantonment,Private vehicle,McDonald's/A K Khan Park,Disagree
389,15 - 24 years,Female,"200,001 and above",North Nazimabad Town,Private vehicle,Seawall (between Captain Farhan Ali Shaheed Park and Emaar Crescent),Agree
390,15 - 24 years,Male,"200,001 and above",Clifton Cantonment,Private vehicle,Seaview Road (between Nishan-e-Pakistan and Captain Farhan Ali Shaheed Park),Agree
391,25 - 44 years,Female,Prefer not to answer,,Private vehicle,Seawall (between Captain Farhan Ali Shaheed Park and Emaar Crescent),Disagree
392,15 - 24 years,Female,"50,001 - 75,000 rupees",Ferozabad,Private vehicle,Seaview Road (between Nishan-e-Pakistan and Captain Farhan Ali Shaheed Park),Agree
393,15 - 24 years,Female,Prefer not to answer,,Private vehicle,Dolmen Mall,Agree
394,15 - 24 years,Female,Prefer not to answer,Korangi Creek Cantonment,Private vehicle,McDonald's/A K Khan Park,Agree
395,25 - 44 years,Male,"200,001 and above",Outside Karachi,Private vehicle,Seaview Road (between Nishan-e-Pakistan and Captain Farhan Ali Shaheed Park),Agree
396,45 years and above,Male,"200,001 and above",North Nazimabad Town,Private vehicle,McDonald's/A K Khan Park,Agree
397,25 - 44 years,Male,"200,001 and above",Clifton Cantonment,Private vehicle,Seaview Road (between Nishan-e-Pakistan and Captain Farhan Ali Shaheed Park),Disagree
398,45 years and above,Male,"200,001 and above",Clifton Cantonment,Private vehicle,Seaview Road (between Nishan-e-Pakistan and Captain Farhan Ali Shaheed Park),Agree
399,25 - 44 years,Male,"200,001 and above",Clifton Cantonment,Private vehicle,Seaview Road (between Nishan-e-Pakistan and Captain Farhan Ali Shaheed Park),Disagree
400,45 years and above,Male,"200,001 and above",Clifton Cantonment,Private vehicle,Seaview Road (between Nishan-e-Pakistan and Captain Farhan Ali Shaheed Park),Agree
401,45 years and above,Male,"200,001 and above",,Private vehicle,McDonald's/A K Khan Park,Disagree
402,Below 15 years,Female,Prefer not to answer,Clifton Cantonment,Private vehicle,McDonald's/A K Khan Park,Disagree
403,45 years and above,Male,"200,001 and above",North Nazimabad Town,Private vehicle,McDonald's/A K Khan Park,Agree
404,25 - 44 years,Male,"200,001 and above",Outside Karachi,Private vehicle,Seaview Road (between Nishan-e-Pakistan and Captain Farhan Ali Shaheed Park),Agree
405,15 - 24 years,Male,"200,001 and above",Gulshan-e-Iqbal,Private vehicle,McDonald's/A K Khan Park,Agree
406,25 - 44 years,Male,"200,001 and above",Outside Karachi,Private vehicle,Seaview Road (between Nishan-e-Pakistan and Captain Farhan Ali Shaheed Park),Agree
407,25 - 44 years,Female,"100,001 - 125,000 rupees",Clifton Cantonment,Private vehicle,Seawall (between Captain Farhan Ali Shaheed Park and Emaar Crescent),Agree
408,25 - 44 years,Female,"200,001 and above",Clifton Cantonment,Private vehicle,Seaview Road (between Nishan-e-Pakistan and Captain Farhan Ali Shaheed Park),Agree
409,25 - 44 years,Male,Prefer not to answer,Clifton Cantonment,Private vehicle,Seawall (between Captain Farhan Ali Shaheed Park and Emaar Crescent),Agree
410,45 years and above,Female,Prefer not to answer,Ferozabad,Private vehicle,Seaview Road (between Nishan-e-Pakistan and Captain Farhan Ali Shaheed Park),Agree
411,25 - 44 years,Male,"200,001 and above",Clifton Cantonment,Private vehicle,Seaview Road (between Nishan-e-Pakistan and Captain Farhan Ali Shaheed Park),Agree
412,25 - 44 years,Male,"200,001 and above",Civil Lines,Private vehicle,Clifton Beach Parking Lot,Agree
413,25 - 44 years,Female,Prefer not to answer,Shah Faisal,Private vehicle,Clifton Beach Parking Lot,Agree
414,25 - 44 years,Female,"200,001 and above",Clifton Cantonment,Private vehicle,McDonald's/A K Khan Park,Agree
415,25 - 44 years,Female,"100,001 - 125,000 rupees",Clifton Cantonment,Private vehicle,Seawall (between Captain Farhan Ali Shaheed Park and Emaar Crescent),Agree
416,15 - 24 years,Female,"75,001 - 100,000 rupees",Gulshan-e-Iqbal,Private vehicle,Seaview Road (between Nishan-e-Pakistan and Captain Farhan Ali Shaheed Park),Agree
417,25 - 44 years,Female,"200,001 and above",Karachi Cantonment,Private vehicle,Khyaban-e-Saadi,Agree
418,15 - 24 years,Male,"200,001 and above",Gulshan-e-Iqbal,Private vehicle,Seaview Road (between Nishan-e-Pakistan and Captain Farhan Ali Shaheed Park),Agree
419,15 - 24 years,Female,"125,001 - 150,000 rupees",Civil Lines,Private vehicle,McDonald's/A K Khan Park,Agree
420,15 - 24 years,Female,"200,001 and above",Clifton Cantonment,Private vehicle,McDonald's/A K Khan Park,Agree
421,25 - 44 years,Female,"200,001 and above",Clifton Cantonment,Bicycle,Seaview Road (between Nishan-e-Pakistan and Captain Farhan Ali Shaheed Park),Agree
422,15 - 24 years,Female,"200,001 and above",Gulshan-e-Iqbal,Private vehicle,Seawall (between Captain Farhan Ali Shaheed Park and Emaar Crescent),Agree
423,25 - 44 years,Female,"100,001 - 125,000 rupees",Clifton Cantonment,Public transit,Seaview Road (between Nishan-e-Pakistan and Captain Farhan Ali Shaheed Park),Disagree
424,25 - 44 years,Female,"175,000 - 200,000 rupees",Clifton Cantonment,Walking,Seaview Road (between Nishan-e-Pakistan and Captain Farhan Ali Shaheed Park),Agree
425,15 - 24 years,Prefer not to answer,"200,001 and above",Gulshan-e-Iqbal,Chartered bus for trip to beach,Clifton Beach Parking Lot,Disagree
426,25 - 44 years,Female,"50,001 - 75,000 rupees",Jamshed Quarters,Private vehicle,Seaview Road (between Nishan-e-Pakistan and Captain Farhan Ali Shaheed Park),Agree
427,15 - 24 years,Female,"175,000 - 200,000 rupees",Clifton Cantonment,Private vehicle,Clifton Beach Parking Lot,Agree
428,25 - 44 years,Male,"100,001 - 125,000 rupees",Clifton Cantonment,Walking,Seaview Road (between Nishan-e-Pakistan and Captain Farhan Ali Shaheed Park),Agree
429,45 years and above,Male,,Outside Karachi,Private vehicle,Dolmen Mall,Disagree
430,25 - 44 years,Male,"25,001 - 50,000 rupees",North Nazimabad Town,Private vehicle,,Agree
431,25 - 44 years,Male,"200,001 and above",Outside Karachi,Private vehicle,Seaview Road (between Nishan-e-Pakistan and Captain Farhan Ali Shaheed Park),Agree
432,25 - 44 years,Female,"125,001 - 150,000 rupees",Clifton Cantonment,Private vehicle,Seaview Road (between Nishan-e-Pakistan and Captain Farhan Ali Shaheed Park),Disagree
433,15 - 24 years,Female,Prefer not to answer,Bin Qasim,Private vehicle,McDonald's/A K Khan Park,Agree
434,15 - 24 years,Female,"125,001 - 150,000 rupees",Nazimabad,Private vehicle,Seawall (between Captain Farhan Ali Shaheed Park and Emaar Crescent),Agree
435,25 - 44 years,Male,"175,000 - 200,000 rupees",Garden,Private vehicle,Seaview Road (between Nishan-e-Pakistan and Captain Farhan Ali Shaheed Park),Agree
436,15 - 24 years,Female,Prefer not to answer,Ferozabad,Private vehicle,Clifton Beach Parking Lot,Agree
437,15 - 24 years,Female,"200,001 and above",Civil Lines,Private vehicle,Seaview Road (between Nishan-e-Pakistan and Captain Farhan Ali Shaheed Park),Disagree
438,15 - 24 years,Female,"125,001 - 150,000 rupees",Shah Faisal,Private vehicle,McDonald's/A K Khan Park,Agree
439,15 - 24 years,Male,"75,001 - 100,000 rupees",Gulshan-e-Iqbal,Private vehicle,Seaview Road (between Nishan-e-Pakistan and Captain Farhan Ali Shaheed Park),Disagree
440,25 - 44 years,Male,"200,001 and above",Clifton Cantonment,Private vehicle,Khyaban-e-Saadi,Disagree
441,25 - 44 years,Female,"200,001 and above",Clifton Cantonment,Private vehicle,Seaview Road (between Nishan-e-Pakistan and Captain Farhan Ali Shaheed Park),Disagree
442,15 - 24 years,Female,"175,000 - 200,000 rupees",Clifton Cantonment,Private vehicle,Seawall (between Captain Farhan Ali Shaheed Park and Emaar Crescent),Disagree
443,15 - 24 years,Male,"50,001 - 75,000 rupees",Gulshan-e-Iqbal,Private vehicle,McDonald's/A K Khan Park,Agree
444,15 - 24 years,Female,"200,001 and above",Clifton Cantonment,Private vehicle,Dolmen Mall,Agree
445,15 - 24 years,Male,"200,001 and above",Clifton Cantonment,Private vehicle,Seaview Road (between Nishan-e-Pakistan and Captain Farhan Ali Shaheed Park),Agree
446,15 - 24 years,Male,"125,001 - 150,000 rupees",Gulshan-e-Iqbal,Private vehicle,Seaview Road (between Nishan-e-Pakistan and Captain Farhan Ali Shaheed Park),Agree
447,25 - 44 years,Female,"200,001 and above",Clifton Cantonment,Private vehicle,McDonald's/A K Khan Park,Agree
448,15 - 24 years,Female,"150,001 - 175,000 rupees",North Nazimabad Town,Private vehicle,Seaview Road (between Nishan-e-Pakistan and Captain Farhan Ali Shaheed Park),Agree
449,25 - 44 years,Female,"200,001 and above",Clifton Cantonment,Private vehicle,Seawall (between Captain Farhan Ali Shaheed Park and Emaar Crescent),Disagree
450,25 - 44 years,Male,Prefer not to answer,Ferozabad,Private vehicle,Clifton Beach Parking Lot,Disagree
451,25 - 44 years,Female,"75,001 - 100,000 rupees",Clifton Cantonment,Private vehicle,Seawall (between Captain Farhan Ali Shaheed Park and Emaar Crescent),Agree
452,25 - 44 years,Male,"200,001 and above",Clifton Cantonment,Private vehicle,Seawall (between Captain Farhan Ali Shaheed Park and Emaar Crescent),Agree
453,45 years and above,Female,"200,001 and above",Clifton Cantonment,Private vehicle,Dolmen Mall,Agree
454,15 - 24 years,Female,"150,001 - 175,000 rupees",North Nazimabad Town,Private vehicle,Seaview Road (between Nishan-e-Pakistan and Captain Farhan Ali Shaheed Park),Agree
455,15 - 24 years,Male,"200,001 and above",Clifton Cantonment,Private vehicle,Seaview Road (between Nishan-e-Pakistan and Captain Farhan Ali Shaheed Park),Agree
456,25 - 44 years,Male,"200,001 and above",Civil Lines,Private vehicle,Seaview Road (between Nishan-e-Pakistan and Captain Farhan Ali Shaheed Park),Agree
457,15 - 24 years,Prefer not to answer,"200,001 and above",Outside Karachi,Private vehicle,Clifton Beach Parking Lot,Agree
458,25 - 44 years,Female,"200,001 and above",Civil Lines,Private vehicle,Clifton Beach Parking Lot,Agree
459,25 - 44 years,Female,"200,001 and above",Clifton Cantonment,Private vehicle,Seaview Road (between Nishan-e-Pakistan and Captain Farhan Ali Shaheed Park),Agree
460,25 - 44 years,Female,"200,001 and above",Clifton Cantonment,Private vehicle,Seawall (between Captain Farhan Ali Shaheed Park and Emaar Crescent),Agree
461,15 - 24 years,Male,"100,001 - 125,000 rupees",Gulshan-e-Iqbal,Private vehicle,Seawall (between Captain Farhan Ali Shaheed Park and Emaar Crescent),Agree
462,15 - 24 years,Male,"25,001 - 50,000 rupees",Gulzar-e-Hijri,Private vehicle,,Agree
463,15 - 24 years,Female,"200,001 and above",Gulzar-e-Hijri,Private vehicle,Seaview Road (between Nishan-e-Pakistan and Captain Farhan Ali Shaheed Park),Agree
464,15 - 24 years,Male,"200,001 and above",Clifton Cantonment,Private vehicle,Seaview Road (between Nishan-e-Pakistan and Captain Farhan Ali Shaheed Park),Disagree
465,15 - 24 years,Female,"175,000 - 200,000 rupees",Clifton Cantonment,Private vehicle,Seaview Road (between Nishan-e-Pakistan and Captain Farhan Ali Shaheed Park),Disagree
466,25 - 44 years,Female,"50,001 - 75,000 rupees",Clifton Cantonment,Bicycle,Clifton Beach Parking Lot,Agree
467,25 - 44 years,Female,"200,001 and above",,Private vehicle,,Disagree
468,25 - 44 years,Male,"Up to 25,000 rupees",Outside Karachi,Private vehicle,Dolmen Mall,Disagree
469,25 - 44 years,Female,"200,001 and above",Gulshan-e-Iqbal,Private vehicle,Seaview Road (between Nishan-e-Pakistan and Captain Farhan Ali Shaheed Park),Agree
470,15 - 24 years,Male,"50,001 - 75,000 rupees",,Private vehicle,Seawall (between Captain Farhan Ali Shaheed Park and Emaar Crescent),Agree
471,25 - 44 years,Male,"100,001 - 125,000 rupees",Civil Lines,Private vehicle,McDonald's/A K Khan Park,Agree
472,25 - 44 years,Female,"50,001 - 75,000 rupees",Gulshan-e-Iqbal,For-hire vehicle,Seawall (between Captain Farhan Ali Shaheed Park and Emaar Crescent),Agree
473,25 - 44 years,Male,Prefer not to answer,Clifton Cantonment,Private vehicle,Seaview Road (between Nishan-e-Pakistan and Captain Farhan Ali Shaheed Park),Agree
474,15 - 24 years,Female,"100,001 - 125,000 rupees",Clifton Cantonment,Private vehicle,Clifton Beach Parking Lot,Agree
475,15 - 24 years,Female,"50,001 - 75,000 rupees",Gulshan-e-Iqbal,Private vehicle,McDonald's/A K Khan Park,Agree
476,15 - 24 years,Female,"50,001 - 75,000 rupees",Jamshed Quarters,Private vehicle,Seaview Road (between Nishan-e-Pakistan and Captain Farhan Ali Shaheed Park),Disagree
477,15 - 24 years,Male,"Up to 25,000 rupees",North Nazimabad Town,Private vehicle,Seaview Road (between Nishan-e-Pakistan and Captain Farhan Ali Shaheed Park),Disagree
478,25 - 44 years,Male,"200,001 and above",Clifton Cantonment,For-hire vehicle,McDonald's/A K Khan Park,Agree
479,15 - 24 years,Female,"200,001 and above",Faisal Cantonment,Private vehicle,Khyaban-e-Saadi,Agree
480,15 - 24 years,Male,"100,001 - 125,000 rupees",Garden,Private vehicle,Khyaban-e-Saadi,Agree
481,25 - 44 years,Female,"200,001 and above",Clifton Cantonment,Private vehicle,Seaview Road (between Nishan-e-Pakistan and Captain Farhan Ali Shaheed Park),Agree
482,15 - 24 years,Female,"200,001 and above",Malir Cantonment,Private vehicle,Seawall (between Captain Farhan Ali Shaheed Park and Emaar Crescent),Agree
483,25 - 44 years,Male,"100,001 - 125,000 rupees",Clifton Cantonment,Private vehicle,Seawall (between Captain Farhan Ali Shaheed Park and Emaar Crescent),Disagree
484,25 - 44 years,Male,"25,001 - 50,000 rupees",Gulshan-e-Iqbal,Private vehicle,Clifton Beach Parking Lot,Agree
485,25 - 44 years,Male,"50,001 - 75,000 rupees",Karachi Cantonment,Private vehicle,Seaview Road (between Nishan-e-Pakistan and Captain Farhan Ali Shaheed Park),Disagree
486,25 - 44 years,Female,"200,001 and above",Clifton Cantonment,Private vehicle,Seawall (between Captain Farhan Ali Shaheed Park and Emaar Crescent),Agree
487,25 - 44 years,Male,"200,001 and above",Gulshan-e-Iqbal,Private vehicle,Clifton Beach Parking Lot,Agree
488,25 - 44 years,Male,"Up to 25,000 rupees",Gulzar-e-Hijri,Private vehicle,Seawall (between Captain Farhan Ali Shaheed Park and Emaar Crescent),Agree
489,45 years and above,Male,"200,001 and above",Gulshan-e-Iqbal,Private vehicle,Seaview Road (between Nishan-e-Pakistan and Captain Farhan Ali Shaheed Park),Agree
490,25 - 44 years,Female,"200,001 and above",Outside Karachi,For-hire vehicle,Dolmen Mall,Agree
491,15 - 24 years,Female,"200,001 and above",Gulberg,Private vehicle,Seaview Road (between Nishan-e-Pakistan and Captain Farhan Ali Shaheed Park),Disagree
492,25 - 44 years,Male,"125,001 - 150,000 rupees",Garden,Private vehicle,Seaview Road (between Nishan-e-Pakistan and Captain Farhan Ali Shaheed Park),Agree
493,25 - 44 years,Male,"100,001 - 125,000 rupees",Model Colony,Private vehicle,Seawall (between Captain Farhan Ali Shaheed Park and Emaar Crescent),Agree
494,25 - 44 years,Female,"200,001 and above",Clifton Cantonment,Bicycle,Seawall (between Captain Farhan Ali Shaheed Park and Emaar Crescent),Agree
495,25 - 44 years,Male,"200,001 and above",Clifton Cantonment,Private vehicle,Clifton Beach Parking Lot,Disagree
496,25 - 44 years,Male,"200,001 and above",Bin Qasim,Private vehicle,McDonald's/A K Khan Park,Disagree
497,45 years and above,Female,Prefer not to answer,Clifton Cantonment,Private vehicle,Seaview Road (between Nishan-e-Pakistan and Captain Farhan Ali Shaheed Park),Agree
498,15 - 24 years,Male,"25,001 - 50,000 rupees",Korangi,For-hire vehicle,Dolmen Mall,Agree
499,25 - 44 years,Female,"200,001 and above",Clifton Cantonment,Private vehicle,,Agree
500,25 - 44 years,Male,"175,000 - 200,000 rupees",Clifton Cantonment,Walking,Seaview Road (between Nishan-e-Pakistan and Captain Farhan Ali Shaheed Park),Agree
501,25 - 44 years,Female,"Up to 25,000 rupees",Malir Cantonment,Chartered bus for trip to beach,Seawall (between Captain Farhan Ali Shaheed Park and Emaar Crescent),Agree
502,15 - 24 years,Male,"Up to 25,000 rupees",Gulberg,Private vehicle,McDonald's/A K Khan Park,Agree
503,25 - 44 years,Female,"200,001 and above",Gulshan-e-Iqbal,Private vehicle,Seaview Road (between Nishan-e-Pakistan and Captain Farhan Ali Shaheed Park),Agree
504,25 - 44 years,Male,"200,001 and above",Gulshan-e-Iqbal,Private vehicle,Dolmen Mall,Agree
505,25 - 44 years,Female,"200,001 and above",Civil Lines,Walking,Seaview Road (between Nishan-e-Pakistan and Captain Farhan Ali Shaheed Park),Agree
506,15 - 24 years,Female,"200,001 and above",Malir Cantonment,Private vehicle,Clifton Beach Parking Lot,Agree
507,25 - 44 years,Male,"200,001 and above",Clifton Cantonment,Private vehicle,Khyaban-e-Saadi,Agree
508,25 - 44 years,Male,"200,001 and above",Gulshan-e-Iqbal,Private vehicle,Seawall (between Captain Farhan Ali Shaheed Park and Emaar Crescent),Agree
509,15 - 24 years,Male,"175,000 - 200,000 rupees",Nazimabad,Private vehicle,Seaview Road (between Nishan-e-Pakistan and Captain Farhan Ali Shaheed Park),Disagree
510,25 - 44 years,Male,"200,001 and above",Clifton Cantonment,Private vehicle,Seaview Road (between Nishan-e-Pakistan and Captain Farhan Ali Shaheed Park),Agree
511,25 - 44 years,Female,"150,001 - 175,000 rupees",Clifton Cantonment,Private vehicle,Seaview Road (between Nishan-e-Pakistan and Captain Farhan Ali Shaheed Park),Agree
512,25 - 44 years,Male,"200,001 and above",Clifton Cantonment,Walking,Seaview Road (between Nishan-e-Pakistan and Captain Farhan Ali Shaheed Park),Agree
513,25 - 44 years,Male,"50,001 - 75,000 rupees",Garden,Private vehicle,Seaview Road (between Nishan-e-Pakistan and Captain Farhan Ali Shaheed Park),Agree
514,25 - 44 years,Male,"200,001 and above",Clifton Cantonment,Private vehicle,Seaview Road (between Nishan-e-Pakistan and Captain Farhan Ali Shaheed Park),Agree
515,25 - 44 years,Male,Prefer not to answer,Ferozabad,Private vehicle,Seaview Road (between Nishan-e-Pakistan and Captain Farhan Ali Shaheed Park),Disagree
516,25 - 44 years,Female,"200,001 and above",Clifton Cantonment,Private vehicle,Seaview Road (between Nishan-e-Pakistan and Captain Farhan Ali Shaheed Park),Disagree
517,25 - 44 years,Male,Prefer not to answer,Clifton Cantonment,For-hire vehicle,McDonald's/A K Khan Park,Agree
518,25 - 44 years,Female,"100,001 - 125,000 rupees",Korangi,Private vehicle,Seaview Road (between Nishan-e-Pakistan and Captain Farhan Ali Shaheed Park),Agree
519,25 - 44 years,Male,"200,001 and above",Clifton Cantonment,Private vehicle,Khyaban-e-Saadi,Disagree
520,25 - 44 years,Female,"150,001 - 175,000 rupees",Nazimabad,Private vehicle,Seaview Road (between Nishan-e-Pakistan and Captain Farhan Ali Shaheed Park),Disagree
521,25 - 44 years,Female,Prefer not to answer,Clifton Cantonment,Walking,Seaview Road (between Nishan-e-Pakistan and Captain Farhan Ali Shaheed Park),Agree
522,25 - 44 years,Male,"50,001 - 75,000 rupees",Nazimabad,Private vehicle,Clifton Beach Parking Lot,Disagree
523,15 - 24 years,Female,"200,001 and above",Clifton Cantonment,Private vehicle,Seawall (between Captain Farhan Ali Shaheed Park and Emaar Crescent),Agree
524,25 - 44 years,Male,"25,001 - 50,000 rupees",Gulshan-e-Iqbal,Private vehicle,Seaview Road (between Nishan-e-Pakistan and Captain Farhan Ali Shaheed Park),Agree
525,25 - 44 years,Female,"75,001 - 100,000 rupees",Clifton Cantonment,Private vehicle,Seaview Road (between Nishan-e-Pakistan and Captain Farhan Ali Shaheed Park),Agree
526,25 - 44 years,Male,"125,001 - 150,000 rupees",Clifton Cantonment,Private vehicle,Seaview Road (between Nishan-e-Pakistan and Captain Farhan Ali Shaheed Park),Agree
527,15 - 24 years,Prefer not to answer,Prefer not to answer,,Private vehicle,Seawall (between Captain Farhan Ali Shaheed Park and Emaar Crescent),Agree
528,25 - 44 years,Female,"200,001 and above",Clifton Cantonment,Private vehicle,Seaview Road (between Nishan-e-Pakistan and Captain Farhan Ali Shaheed Park),Disagree
529,25 - 44 years,Male,"200,001 and above",Gulshan-e-Iqbal,Private vehicle,Seaview Road (between Nishan-e-Pakistan and Captain Farhan Ali Shaheed Park),Agree
530,25 - 44 years,Male,"200,001 and above",Outside Karachi,Private vehicle,Dolmen Mall,Disagree
531,45 years and above,Male,Prefer not to answer,Gadap,Private vehicle,Seaview Road (between Nishan-e-Pakistan and Captain Farhan Ali Shaheed Park),Disagree
532,15 - 24 years,Female,"150,001 - 175,000 rupees",Korangi Creek Cantonment,Private vehicle,Dolmen Mall,Agree
533,25 - 44 years,Female,"200,001 and above",Clifton Cantonment,Walking,Seaview Road (between Nishan-e-Pakistan and Captain Farhan Ali Shaheed Park),Disagree
534,25 - 44 years,Male,"200,001 and above",Gulshan-e-Iqbal,Private vehicle,Seaview Road (between Nishan-e-Pakistan and Captain Farhan Ali Shaheed Park),Agree
535,15 - 24 years,Male,Prefer not to answer,Clifton Cantonment,Private vehicle,Khyaban-e-Saadi,Agree
536,15 - 24 years,Female,"200,001 and above",Civil Lines,Private vehicle,Seawall (between Captain Farhan Ali Shaheed Park and Emaar Crescent),Agree
537,25 - 44 years,Male,Prefer not to answer,Gulshan-e-Iqbal,Private vehicle,Seaview Road (between Nishan-e-Pakistan and Captain Farhan Ali Shaheed Park),Agree
538,25 - 44 years,Non-binary,"50,001 - 75,000 rupees",Gulshan-e-Iqbal,Private vehicle,Clifton Beach Parking Lot,Agree
539,25 - 44 years,Male,"200,001 and above",Clifton Cantonment,Private vehicle,Seaview Road (between Nishan-e-Pakistan and Captain Farhan Ali Shaheed Park),Disagree
540,25 - 44 years,Male,"200,001 and above",Clifton Cantonment,Private vehicle,Seaview Road (between Nishan-e-Pakistan and Captain Farhan Ali Shaheed Park),Disagree
541,25 - 44 years,Female,"200,001 and above",Clifton Cantonment,Private vehicle,Seaview Road (between Nishan-e-Pakistan and Captain Farhan Ali Shaheed Park),Agree
542,25 - 44 years,Male,"200,001 and above",Gulshan-e-Iqbal,Private vehicle,Seaview Road (between Nishan-e-Pakistan and Captain Farhan Ali Shaheed Park),Disagree
543,25 - 44 years,Male,"200,001 and above",Clifton Cantonment,Private vehicle,Khyaban-e-Saadi,Agree
544,15 - 24 years,Male,"175,000 - 200,000 rupees",Gulshan-e-Iqbal,Private vehicle,McDonald's/A K Khan Park,Disagree
545,45 years and above,Male,"200,001 and above",Clifton Cantonment,Private vehicle,McDonald's/A K Khan Park,Agree
546,25 - 44 years,Female,"200,001 and above",Clifton Cantonment,Private vehicle,Dolmen Mall,Disagree
547,25 - 44 years,Male,"200,001 and above",Clifton Cantonment,Private vehicle,McDonald's/A K Khan Park,Agree
548,25 - 44 years,Male,"200,001 and above",Clifton Cantonment,Private vehicle,Seaview Road (between Nishan-e-Pakistan and Captain Farhan Ali Shaheed Park),Agree
549,15 - 24 years,Prefer not to answer,"75,001 - 100,000 rupees",Aram Bagh,Private vehicle,Seaview Road (between Nishan-e-Pakistan and Captain Farhan Ali Shaheed Park),Agree
550,15 - 24 years,Female,"200,001 and above",Outside Karachi,Private vehicle,Seaview Road (between Nishan-e-Pakistan and Captain Farhan Ali Shaheed Park),Agree
551,15 - 24 years,Female,"75,001 - 100,000 rupees",Clifton Cantonment,Private vehicle,McDonald's/A K Khan Park,Agree
552,25 - 44 years,Male,"200,001 and above",Clifton Cantonment,Private vehicle,Seawall (between Captain Farhan Ali Shaheed Park and Emaar Crescent),Agree
553,15 - 24 years,Male,"150,001 - 175,000 rupees",Garden,Private vehicle,Seaview Road (between Nishan-e-Pakistan and Captain Farhan Ali Shaheed Park),Agree
554,15 - 24 years,Transgender,"125,001 - 150,000 rupees",Gulshan-e-Iqbal,Private vehicle,Clifton Beach Parking Lot,Agree
555,25 - 44 years,Female,"75,001 - 100,000 rupees",Clifton Cantonment,Private vehicle,McDonald's/A K Khan Park,Agree
556,25 - 44 years,Male,"125,001 - 150,000 rupees",Gulshan-e-Iqbal,Bicycle,Seawall (between Captain Farhan Ali Shaheed Park and Emaar Crescent),Agree
557,25 - 44 years,Female,"175,000 - 200,000 rupees",Outside Karachi,Private vehicle,Seaview Road (between Nishan-e-Pakistan and Captain Farhan Ali Shaheed Park),Agree
558,15 - 24 years,Female,"200,001 and above",Clifton Cantonment,Private vehicle,McDonald's/A K Khan Park,Agree
559,15 - 24 years,Female,"175,000 - 200,000 rupees",Gulshan-e-Iqbal,Private vehicle,Seaview Road (between Nishan-e-Pakistan and Captain Farhan Ali Shaheed Park),Disagree
560,25 - 44 years,Female,"50,001 - 75,000 rupees",Clifton Cantonment,Private vehicle,Seaview Road (between Nishan-e-Pakistan and Captain Farhan Ali Shaheed Park),Disagree
561,25 - 44 years,Female,"200,001 and above",Gulshan-e-Iqbal,Private vehicle,Seaview Road (between Nishan-e-Pakistan and Captain Farhan Ali Shaheed Park),Agree
562,25 - 44 years,Male,"175,000 - 200,000 rupees",Gulshan-e-Iqbal,Private vehicle,,Disagree
563,25 - 44 years,Male,"50,001 - 75,000 rupees",Shah Faisal,Private vehicle,McDonald's/A K Khan Park,Agree
564,25 - 44 years,Male,"200,001 and above",Clifton Cantonment,Private vehicle,Seaview Road (between Nishan-e-Pakistan and Captain Farhan Ali Shaheed Park),Agree
565,15 - 24 years,Female,"175,000 - 200,000 rupees",Ferozabad,Private vehicle,McDonald's/A K Khan Park,Disagree
566,15 - 24 years,Male,"125,001 - 150,000 rupees",Garden,Private vehicle,Seawall (between Captain Farhan Ali Shaheed Park and Emaar Crescent),Disagree
567,15 - 24 years,Male,"125,001 - 150,000 rupees",Gulshan-e-Iqbal,Private vehicle,McDonald's/A K Khan Park,Agree
568,25 - 44 years,Female,"100,001 - 125,000 rupees",Gulshan-e-Iqbal,Private vehicle,Clifton Beach Parking Lot,Agree
569,15 - 24 years,Male,"175,000 - 200,000 rupees",Airport,Private vehicle,McDonald's/A K Khan Park,Agree
570,25 - 44 years,Female,"125,001 - 150,000 rupees",Ferozabad,Private vehicle,McDonald's/A K Khan Park,Agree
571,15 - 24 years,Female,Prefer not to answer,Outside Karachi,For-hire vehicle,Seaview Road (between Nishan-e-Pakistan and Captain Farhan Ali Shaheed Park),Agree
572,25 - 44 years,Non-binary,"100,001 - 125,000 rupees",Clifton Cantonment,Private vehicle,Seaview Road (between Nishan-e-Pakistan and Captain Farhan Ali Shaheed Park),Agree
573,15 - 24 years,Transgender,"200,001 and above",Ferozabad,Private vehicle,Seaview Road (between Nishan-e-Pakistan and Captain Farhan Ali Shaheed Park),Agree
574,15 - 24 years,Male,"Up to 25,000 rupees",Malir Cantonment,Private vehicle,Seaview Road (between Nishan-e-Pakistan and Captain Farhan Ali Shaheed Park),Agree
575,25 - 44 years,Male,Prefer not to answer,Outside Karachi,For-hire vehicle,Seaview Road (between Nishan-e-Pakistan and Captain Farhan Ali Shaheed Park),Agree
576,25 - 44 years,Female,"200,001 and above",Gulberg,Private vehicle,McDonald's/A K Khan Park,Agree
577,25 - 44 years,Female,"75,001 - 100,000 rupees",North Nazimabad Town,Private vehicle,Clifton Beach Parking Lot,Disagree
578,25 - 44 years,Female,"75,001 - 100,000 rupees",,Private vehicle,McDonald's/A K Khan Park,Disagree
579,25 - 44 years,Female,"175,000 - 200,000 rupees",Gulberg,Private vehicle,Seaview Road (between Nishan-e-Pakistan and Captain Farhan Ali Shaheed Park),Agree
580,25 - 44 years,Female,"50,001 - 75,000 rupees",Karachi Cantonment,For-hire vehicle,McDonald's/A K Khan Park,Agree
581,25 - 44 years,Female,"200,001 and above",Gulshan-e-Iqbal,Private vehicle,Seawall (between Captain Farhan Ali Shaheed Park and Emaar Crescent),Agree
582,25 - 44 years,Female,"75,001 - 100,000 rupees",North Nazimabad Town,Private vehicle,Seaview Road (between Nishan-e-Pakistan and Captain Farhan Ali Shaheed Park),Agree
583,15 - 24 years,Female,"200,001 and above",Nazimabad,Private vehicle,Clifton Beach Parking Lot,Disagree
584,25 - 44 years,Female,"150,001 - 175,000 rupees",Gulshan-e-Iqbal,Private vehicle,Seaview Road (between Nishan-e-Pakistan and Captain Farhan Ali Shaheed Park),Agree
585,25 - 44 years,Female,Prefer not to answer,Clifton Cantonment,Private vehicle,Dolmen Mall,Agree
586,15 - 24 years,Female,"175,000 - 200,000 rupees",Clifton Cantonment,Private vehicle,Clifton Beach Parking Lot,Agree
587,25 - 44 years,Female,"200,001 and above",Jamshed Quarters,Private vehicle,Seaview Road (between Nishan-e-Pakistan and Captain Farhan Ali Shaheed Park),Agree
588,15 - 24 years,Female,"100,001 - 125,000 rupees",Jamshed Quarters,Private vehicle,Seaview Road (between Nishan-e-Pakistan and Captain Farhan Ali Shaheed Park),Agree
589,15 - 24 years,Female,"200,001 and above",Gulshan-e-Iqbal,Private vehicle,McDonald's/A K Khan Park,Agree
590,25 - 44 years,Female,"200,001 and above",Clifton Cantonment,Private vehicle,Clifton Beach Parking Lot,Agree
591,15 - 24 years,Female,"200,001 and above",Clifton Cantonment,Private vehicle,Seaview Road (between Nishan-e-Pakistan and Captain Farhan Ali Shaheed Park),Agree
592,25 - 44 years,Female,"200,001 and above",Karachi Cantonment,Private vehicle,Seaview Road (between Nishan-e-Pakistan and Captain Farhan Ali Shaheed Park),Agree
593,25 - 44 years,Female,"200,001 and above",Clifton Cantonment,Bicycle,Seawall (between Captain Farhan Ali Shaheed Park and Emaar Crescent),Disagree
594,15 - 24 years,Female,"200,001 and above",Faisal Cantonment,Private vehicle,Seaview Road (between Nishan-e-Pakistan and Captain Farhan Ali Shaheed Park),Agree
595,15 - 24 years,Female,"200,001 and above",Faisal Cantonment,Private vehicle,Seaview Road (between Nishan-e-Pakistan and Captain Farhan Ali Shaheed Park),Agree
596,15 - 24 years,Female,"200,001 and above",,Private vehicle,Seawall (between Captain Farhan Ali Shaheed Park and Emaar Crescent),Disagree
597,15 - 24 years,Male,"200,001 and above",Civil Lines,Private vehicle,Seaview Road (between Nishan-e-Pakistan and Captain Farhan Ali Shaheed Park),Disagree
598,25 - 44 years,Male,"25,001 - 50,000 rupees",Gulshan-e-Iqbal,Private vehicle,Clifton Beach Parking Lot,Agree
599,25 - 44 years,Male,"75,001 - 100,000 rupees",Faisal Cantonment,Private vehicle,Seaview Road (between Nishan-e-Pakistan and Captain Farhan Ali Shaheed Park),Agree
600,25 - 44 years,Male,"25,001 - 50,000 rupees",Garden,Walking,Seaview Road (between Nishan-e-Pakistan and Captain Farhan Ali Shaheed Park),Agree
601,25 - 44 years,Male,"200,001 and above",Clifton Cantonment,Private vehicle,Seaview Road (between Nishan-e-Pakistan and Captain Farhan Ali Shaheed Park),Agree
602,15 - 24 years,Female,Prefer not to answer,Clifton Cantonment,Walking,Seaview Road (between Nishan-e-Pakistan and Captain Farhan Ali Shaheed Park),Agree
603,25 - 44 years,Male,"75,001 - 100,000 rupees",Nazimabad,Private vehicle,Seaview Road (between Nishan-e-Pakistan and Captain Farhan Ali Shaheed Park),Disagree
604,45 years and above,Male,"200,001 and above",Malir Cantonment,Private vehicle,Seaview Road (between Nishan-e-Pakistan and Captain Farhan Ali Shaheed Park),Agree
605,25 - 44 years,Female,"200,001 and above",Outside Karachi,Private vehicle,Seaview Road (between Nishan-e-Pakistan and Captain Farhan Ali Shaheed Park),Agree
606,25 - 44 years,Male,"25,001 - 50,000 rupees",Gulberg,Private vehicle,Seawall (between Captain Farhan Ali Shaheed Park and Emaar Crescent),Disagree
607,25 - 44 years,Male,Prefer not to answer,Airport,Private vehicle,Seawall (between Captain Farhan Ali Shaheed Park and Emaar Crescent),Agree
608,15 - 24 years,Male,"200,001 and above",Clifton Cantonment,Private vehicle,Seawall (between Captain Farhan Ali Shaheed Park and Emaar Crescent),Agree
609,15 - 24 years,Female,Prefer not to answer,Clifton Cantonment,Private vehicle,Seawall (between Captain Farhan Ali Shaheed Park and Emaar Crescent),Disagree
610,45 years and above,Female,"200,001 and above",Ferozabad,Private vehicle,Clifton Beach Parking Lot,Agree
611,15 - 24 years,Female,"200,001 and above",North Nazimabad Town,Private vehicle,Seaview Road (between Nishan-e-Pakistan and Captain Farhan Ali Shaheed Park),Agree
612,25 - 44 years,Transgender,"25,001 - 50,000 rupees",Shah Faisal,For-hire vehicle,,Agree
613,25 - 44 years,Male,"200,001 and above",Clifton Cantonment,Private vehicle,Seaview Road (between Nishan-e-Pakistan and Captain Farhan Ali Shaheed Park),Agree
614,25 - 44 years,Male,"200,001 and above",Gulshan-e-Iqbal,Private vehicle,McDonald's/A K Khan Park,Agree
615,25 - 44 years,Male,"125,001 - 150,000 rupees",Clifton Cantonment,Private vehicle,Khyaban-e-Saadi,Disagree
616,15 - 24 years,Male,"200,001 and above",Clifton Cantonment,Private vehicle,McDonald's/A K Khan Park,Agree
617,45 years and above,Male,"125,001 - 150,000 rupees",North Nazimabad Town,Private vehicle,Clifton Beach Parking Lot,Agree
618,45 years and above,Male,"200,001 and above",Gulshan-e-Iqbal,Private vehicle,Clifton Beach Parking Lot,Disagree
619,15 - 24 years,Female,"200,001 and above",Gulshan-e-Iqbal,Private vehicle,Seaview Road (between Nishan-e-Pakistan and Captain Farhan Ali Shaheed Park),Agree
620,25 - 44 years,Male,"200,001 and above",Clifton Cantonment,Walking,Seaview Road (between Nishan-e-Pakistan and Captain Farhan Ali Shaheed Park),Agree
621,25 - 44 years,Male,"100,001 - 125,000 rupees",Clifton Cantonment,For-hire vehicle,McDonald's/A K Khan Park,Agree
622,25 - 44 years,Male,"75,001 - 100,000 rupees",Clifton Cantonment,Private vehicle,Khyaban-e-Saadi,Agree
623,25 - 44 years,Male,"200,001 and above",,Private vehicle,Seaview Road (between Nishan-e-Pakistan and Captain Farhan Ali Shaheed Park),Agree
624,25 - 44 years,Male,"200,001 and above",Gulshan-e-Iqbal,Private vehicle,Seaview Road (between Nishan-e-Pakistan and Captain Farhan Ali Shaheed Park),Disagree
625,45 years and above,Male,"150,001 - 175,000 rupees",Clifton Cantonment,Private vehicle,Khyaban-e-Saadi,Agree
626,25 - 44 years,Male,"150,001 - 175,000 rupees",Airport,Private vehicle,Seawall (between Captain Farhan Ali Shaheed Park and Emaar Crescent),Agree
627,25 - 44 years,Female,"200,001 and above",Malir Cantonment,Private vehicle,Seaview Road (between Nishan-e-Pakistan and Captain Farhan Ali Shaheed Park),Agree
628,25 - 44 years,Male,"200,001 and above",Gulshan-e-Iqbal,Private vehicle,Seaview Road (between Nishan-e-Pakistan and Captain Farhan Ali Shaheed Park),Disagree
629,25 - 44 years,Male,"175,000 - 200,000 rupees",Ferozabad,Private vehicle,Seaview Road (between Nishan-e-Pakistan and Captain Farhan Ali Shaheed Park),Agree
630,25 - 44 years,Female,"75,001 - 100,000 rupees",Gulshan-e-Iqbal,Private vehicle,Seawall (between Captain Farhan Ali Shaheed Park and Emaar Crescent),Agree
631,25 - 44 years,Male,"50,001 - 75,000 rupees",Sindh Industrial Trading Estate (SITE),For-hire vehicle,Clifton Beach Parking Lot,Agree
632,25 - 44 years,Female,"200,001 and above",Clifton Cantonment,Private vehicle,Seawall (between Captain Farhan Ali Shaheed Park and Emaar Crescent),Agree
633,25 - 44 years,Male,"100,001 - 125,000 rupees",Gulberg,Private vehicle,Seaview Road (between Nishan-e-Pakistan and Captain Farhan Ali Shaheed Park),Agree
634,25 - 44 years,Female,"150,001 - 175,000 rupees",Clifton Cantonment,Private vehicle,Seaview Road (between Nishan-e-Pakistan and Captain Farhan Ali Shaheed Park),Agree
635,25 - 44 years,Male,"200,001 and above",Clifton Cantonment,Private vehicle,Seaview Road (between Nishan-e-Pakistan and Captain Farhan Ali Shaheed Park),Agree
636,25 - 44 years,Male,"200,001 and above",Clifton Cantonment,Private vehicle,Clifton Beach Parking Lot,Disagree
637,45 years and above,Female,Prefer not to answer,North Nazimabad Town,Private vehicle,McDonald's/A K Khan Park,Agree
638,25 - 44 years,Male,"150,001 - 175,000 rupees",,Private vehicle,Seaview Road (between Nishan-e-Pakistan and Captain Farhan Ali Shaheed Park),Disagree
639,15 - 24 years,Female,"200,001 and above",Garden,Private vehicle,Seawall (between Captain Farhan Ali Shaheed Park and Emaar Crescent),Agree
640,15 - 24 years,Female,"200,001 and above",Civil Lines,For-hire vehicle,Seawall (between Captain Farhan Ali Shaheed Park and Emaar Crescent),Agree
641,25 - 44 years,Male,"150,001 - 175,000 rupees",Garden,Private vehicle,McDonald's/A K Khan Park,Agree
642,15 - 24 years,Male,"200,001 and above",Clifton Cantonment,Private vehicle,Seaview Road (between Nishan-e-Pakistan and Captain Farhan Ali Shaheed Park),Agree
643,25 - 44 years,Male,"200,001 and above",Outside Karachi,For-hire vehicle,Clifton Beach Parking Lot,Disagree
644,25 - 44 years,Male,Prefer not to answer,Nazimabad,Private vehicle,Clifton Beach Parking Lot,Disagree
645,25 - 44 years,Male,"100,001 - 125,000 rupees",Clifton Cantonment,Private vehicle,McDonald's/A K Khan Park,Agree
646,25 - 44 years,Female,Prefer not to answer,Karachi Cantonment,Private vehicle,Clifton Beach Parking Lot,Agree
647,45 years and above,Male,Prefer not to answer,Outside Karachi,Private vehicle,Seaview Road (between Nishan-e-Pakistan and Captain Farhan Ali Shaheed Park),Agree
648,25 - 44 years,Male,"150,001 - 175,000 rupees",Gulzar-e-Hijri,Private vehicle,Seawall (between Captain Farhan Ali Shaheed Park and Emaar Crescent),Agree
649,15 - 24 years,Male,"150,001 - 175,000 rupees",Outside Karachi,For-hire vehicle,Dolmen Mall,Agree
650,25 - 44 years,Female,"200,001 and above",Gulshan-e-Iqbal,Private vehicle,Seawall (between Captain Farhan Ali Shaheed Park and Emaar Crescent),Agree
651,25 - 44 years,Male,"200,001 and above",Outside Karachi,Private vehicle,Seaview Road (between Nishan-e-Pakistan and Captain Farhan Ali Shaheed Park),Agree
652,25 - 44 years,Male,"75,001 - 100,000 rupees",Malir Cantonment,Private vehicle,Clifton Beach Parking Lot,Agree
653,25 - 44 years,Male,"200,001 and above",,Private vehicle,McDonald's/A K Khan Park,Disagree
654,25 - 44 years,Male,"200,001 and above",Gulshan-e-Iqbal,Private vehicle,Seaview Road (between Nishan-e-Pakistan and Captain Farhan Ali Shaheed Park),Agree
655,45 years and above,Male,"200,001 and above",Malir Cantonment,Private vehicle,Seaview Road (between Nishan-e-Pakistan and Captain Farhan Ali Shaheed Park),Agree
656,25 - 44 years,Prefer not to answer,"100,001 - 125,000 rupees",Garden,Private vehicle,Seawall (between Captain Farhan Ali Shaheed Park and Emaar Crescent),Agree
657,25 - 44 years,Male,"75,001 - 100,000 rupees",Airport,For-hire vehicle,Seaview Road (between Nishan-e-Pakistan and Captain Farhan Ali Shaheed Park),Agree
658,,,,,,,
659,,,,,,,
660,,,,,,,
661,,,,,,,
662,,,,,,,
663,,,,,,,
664,,,,,,,
665,,,,,,,
666,,,,,,,
667,,,,,,,
668,,,,,,,
669,,,,,,,
670,,,,,,,
671,,,,,,,
672,,,,,,,
673,,,,,,,
674,,,,,,,
675,,,,,,,
676,,,,,,,
677,,,,,,,
678,,,,,,,
679,,,,,,,
680,,,,,,,
681,,,,,,,
682,,,,,,,
683,,,,,,,
684,,,,,,,
685,,,,,,,
686,,,,,,,
687,,,,,,,
688,,,,,,,
689,,,,,,,
690,,,,,,,
691,,,,,,,
692,,,,,,,
693,,,,,,,
694,,,,,,,
695,,,,,,,
696,,,,,,,
697,,,,,,,
698,,,,,,,
699,,,,,,,
700,,,,,,,
701,,,,,,,
702,,,,,,,
703,,,,,,,
704,,,,,,,
705,,,,,,,
706,,,,,,,
707,,,,,,,
708,,,,,,,
709,,,,,,,
710,,,,,,,
711,,,,,,,
712,,,,,,,
713,,,,,,,
714,,,,,,,
715,,,,,,,
716,,,,,,,
717,,,,,,,
718,,,,,,,
719,,,,,,,
720,,,,,,,
721,,,,,,,
722,,,,,,,
723,,,,,,,
724,,,,,,,
725,,,,,,,
726,,,,,,,
727,,,,,,,
728,,,,,,,
729,,,,,,,
730,,,,,,,
731,,,,,,,
732,,,,,,,
733,,,,,,,
734,,,,,,,
735,,,,,,,
736,,,,,,,
737,,,,,,,
738,,,,,,,
739,,,,,,,
740,,,,,,,
741,,,,,,,
742,,,,,,,
743,,,,,,,
744,,,,,,,
745,,,,,,,
746,,,,,,,
747,,,,,,,
748,,,,,,,
749,,,,,,,
750,,,,,,,
751,,,,,,,
752,,,,,,,
753,,,,,,,
754,,,,,,,
755,,,,,,,
756,,,,,,,
757,,,,,,,
758,,,,,,,
759,,,,,,,
760,,,,,,,
761,,,,,,,
762,,,,,,,
763,,,,,,,
764,,,,,,,
765,,,,,,,
766,,,,,,,
767,,,,,,,
768,,,,,,,
769,,,,,,,
770,,,,,,,
771,,,,,,,
772,,,,,,,
773,,,,,,,
774,,,,,,,
775,,,,,,,
776,,,,,,,
777,,,,,,,
778,,,,,,,
779,,,,,,,
780,,,,,,,
781,,,,,,,
782,,,,,,,
783,,,,,,,
784,,,,,,,
785,,,,,,,
786,,,,,,,
787,,,,,,,
788,,,,,,,
789,,,,,,,
790,,,,,,,
791,,,,,,,
792,,,,,,,
793,,,,,,,
794,,,,,,,
795,,,,,,,
796,,,,,,,
797,,,,,,,
798,,,,,,,
799,,,,,,,
800,,,,,,,
801,,,,,,,
802,,,,,,,
803,,,,,,,
804,,,,,,,
805,,,,,,,
806,,,,,,,
807,,,,,,,
808,,,,,,,
809,,,,,,,
810,,,,,,,
811,,,,,,,
812,,,,,,,
813,,,,,,,
814,,,,,,,
815,,,,,,,
816,,,,,,,
817,,,,,,,
818,,,,,,,
819,,,,,,,
820,,,,,,,
821,,,,,,,
822,,,,,,,
823,,,,,,,
824,,,,,,,
825,,,,,,,
826,,,,,,,
827,,,,,,,
828,,,,,,,
829,,,,,,,
830,,,,,,,
831,,,,,,,
832,,,,,,,
833,,,,,,,
834,,,,,,,
835,,,,,,,
836,,,,,,,
837,,,,,,,
838,,,,,,,
839,,,,,,,
840,,,,,,,
841,,,,,,,
842,,,,,,,
843,,,,,,,
844,,,,,,,
845,,,,,,,
846,,,,,,,
847,,,,,,,
848,,,,,,,
849,,,,,,,
850,,,,,,,
851,,,,,,,
852,,,,,,,
853,,,,,,,
854,,,,,,,
855,,,,,,,
856,,,,,,,
857,,,,,,,
858,,,,,,,
859,,,,,,,
860,,,,,,,
861,,,,,,,
862,,,,,,,
863,,,,,,,
864,,,,,,,
865,,,,,,,
866,,,,,,,
867,,,,,,,
868,,,,,,,
869,,,,,,,
870,,,,,,,
871,,,,,,,
872,,,,,,,
873,,,,,,,
874,,,,,,,
875,,,,,,,
876,,,,,,,
877,,,,,,,
878,,,,,,,
879,,,,,,,
880,,,,,,,
881,,,,,,,
882,,,,,,,
883,,,,,,,
884,,,,,,,
885,,,,,,,
886,,,,,,,
887,,,,,,,
888,,,,,,,
889,,,,,,,
890,,,,,,,
891,,,,,,,
892,,,,,,,
893,,,,,,,
894,,,,,,,
895,,,,,,,
896,,,,,,,
897,,,,,,,
898,,,,,,,
899,,,,,,,
900,,,,,,,
901,,,,,,,
902,,,,,,,
903,,,,,,,
904,,,,,,,
905,,,,,,,
906,,,,,,,
907,,,,,,,
908,,,,,,,
909,,,,,,,
910,,,,,,,
911,,,,,,,
912,,,,,,,
913,,,,,,,
914,,,,,,,
915,,,,,,,
916,,,,,,,
917,,,,,,,
918,,,,,,,
919,,,,,,,
920,,,,,,,
921,,,,,,,
922,,,,,,,
923,,,,,,,
924,,,,,,,
925,,,,,,,
926,,,,,,,
927,,,,,,,
928,,,,,,,
929,,,,,,,
930,,,,,,,
931,,,,,,,
932,,,,,,,
933,,,,,,,
934,,,,,,,
935,,,,,,,
936,,,,,,,
937,,,,,,,
938,,,,,,,
939,,,,,,,
940,,,,,,,
941,,,,,,,
942,,,,,,,
943,,,,,,,
944,,,,,,,
945,,,,,,,
946,,,,,,,
947,,,,,,,
948,,,,,,,
949,,,,,,,
950,,,,,,,
951,,,,,,,
952,,,,,,,
953,,,,,,,
954,,,,,,,
955,,,,,,,
956,,,,,,,
957,,,,,,,
958,,,,,,,
959,,,,,,,
960,,,,,,,
961,,,,,,,
962,,,,,,,
963,,,,,,,
964,,,,,,,
965,,,,,,,
966,,,,,,,
967,,,,,,,
968,,,,,,,
969,,,,,,,
970,,,,,,,
971,,,,,,,
972,,,,,,,
973,,,,,,,
974,,,,,,,
975,,,,,,,
976,,,,,,,
977,,,,,,,
978,,,,,,,
979,,,,,,,
980,,,,,,,
981,,,,,,,
982,,,,,,,
983,,,,,,,
984,,,,,,,
985,,,,,,,
986,,,,,,,
987,,,,,,,
988,,,,,,,
989,,,,,,,
990,,,,,,,
991,,,,,,,
992,,,,,,,
993,,,,,,,
994,,,,,,,
995,,,,,,,
996,,,,,,,
997,,,,,,,
998,,,,,,,
999,,,,,,,
1000,,,,,,,
1001,,,,,,,
1002,,,,,,,
1003,,,,,,,
1004,,,,,,,
1005,,,,,,,
1006,,,,,,,
1007,,,,,,,
1008,,,,,,,
1009,,,,,,,
1010,,,,,,,
1011,,,,,,,
1012,,,,,,,
1013,,,,,,,
1014,,,,,,,
1015,,,,,,,
1016,,,,,,,
1017,,,,,,,
1018,,,,,,,
1019,,,,,,,
1020,,,,,,,
1021,,,,,,,
1022,,,,,,,
1023,,,,,,,
1024,,,,,,,
1025,,,,,,,
1026,,,,,,,
1027,,,,,,,
1028,,,,,,,
1029,,,,,,,
1030,,,,,,,
1031,,,,,,,
1032,,,,,,,
1033,,,,,,,
1034,,,,,,,
1035,,,,,,,
1036,,,,,,,
1037,,,,,,,
1038,,,,,,,
1039,,,,,,,
1040,,,,,,,
1041,,,,,,,
1042,,,,,,,
1043,,,,,,,
1044,,,,,,,
1045,,,,,,,
1046,,,,,,,
1047,,,,,,,
1048,,,,,,,
1049,,,,,,,
1050,,,,,,,
1051,,,,,,,
1052,,,,,,,
1053,,,,,,,
1054,,,,,,,
1055,,,,,,,
1056,,,,,,,
1057,,,,,,,
1058,,,,,,,
1059,,,,,,,
1060,,,,,,,
1061,,,,,,,
1062,,,,,,,
1063,,,,,,,
1064,,,,,,,
1065,,,,,,,
1066,,,,,,,
1067,,,,,,,
1068,,,,,,,
1069,,,,,,,
1070,,,,,,,
1071,,,,,,,
1072,,,,,,,
1073,,,,,,,
1074,,,,,,,
1075,,,,,,,
1076,,,,,,,
1077,,,,,,,
1078,,,,,,,
1079,,,,,,,
1080,,,,,,,
1081,,,,,,,
1082,,,,,,,
1083,,,,,,,
1084,,,,,,,
1085,,,,,,,
1086,,,,,,,
1087,,,,,,,
1088,,,,,,,
1089,,,,,,,
1090,,,,,,,
1091,,,,,,,
1092,,,,,,,
1093,,,,,,,
1094,,,,,,,
1095,,,,,,,
1096,,,,,,,
1097,,,,,,,
1098,,,,,,,
1099,,,,,,,
1100,,,,,,,
1101,,,,,,,
1102,,,,,,,
1103,,,,,,,
1104,,,,,,,
1105,,,,,,,
1106,,,,,,,
1107,,,,,,,
1108,,,,,,,
1109,,,,,,,
1110,,,,,,,
1111,,,,,,,
1112,,,,,,,
1113,,,,,,,
1114,,,,,,,
1115,,,,,,,
1116,,,,,,,
1117,,,,,,,
1118,,,,,,,
1119,,,,,,,
1120,,,,,,,
1121,,,,,,,
1122,,,,,,,
1123,,,,,,,
1124,,,,,,,
1125,,,,,,,
1126,,,,,,,
1127,,,,,,,
1128,,,,,,,
1129,,,,,,,
1130,,,,,,,
1131,,,,,,,
1132,,,,,,,
1133,,,,,,,
1134,,,,,,,
1135,,,,,,,
1136,,,,,,,
1137,,,,,,,
1138,,,,,,,
1139,,,,,,,
1140,,,,,,,
1141,,,,,,,
1142,,,,,,,
1143,,,,,,,
1144,,,,,,,
1145,,,,,,,
1146,,,,,,,
1147,,,,,,,
1148,,,,,,,
1149,,,,,,,
1150,,,,,,,
1151,,,,,,,
1152,,,,,,,
1153,,,,,,,
1154,,,,,,,
1155,,,,,,,
1156,,,,,,,
1157,,,,,,,
1158,,,,,,,
1159,,,,,,,
1160,,,,,,,
1161,,,,,,,
1162,,,,,,,
1163,,,,,,,
1164,,,,,,,
1165,,,,,,,
1166,,,,,,,
1167,,,,,,,
1168,,,,,,,
1169,,,,,,,
1170,,,,,,,
1171,,,,,,,
1172,,,,,,,
1173,,,,,,,
