,id,What age range are you?,What is your gender?,What estimated range is your household's monthly income?,"Which area are you from? If not from Karachi please select ""Outside Karachi""",What is your most favourite place in Karachi?,"If you had unlimited funds, how would you change Clifton Beach?",Do you like going to the beach? Why if you do? Why not if you do not?,Do you feel safe while at the beach?,"If yes, then at what time of the day?","If not, why?",On what days do you prefer going to the beach?,At what time are you most likely to visit the beach?,How long do you spend at the beach?,How do you rate the following facilities? [Seating],How do you rate the following facilities? [Cleanliness],How do you rate the following facilities? [Shading Devices],How do you rate the following facilities? [Public Washrooms],How do you rate the following facilities? [Recreational Amenities],How do you rate the following facilities? [Lighting],How do you rate the following facilities? [Pathways/Walking Infrastructure],How do you rate the following facilities? [First Aid]
0,0,45 years and above,Male,"25,001 - 50,000 rupees",Outside Karachi,,,,,,,,,,,,,,,,,
1,1,25 - 44 years,Male,"175,000 - 200,000 rupees",Kemari,,,,,,,,,,,,,,,,,
2,2,45 years and above,Male,"175,000 - 200,000 rupees",Gulshan-e-Iqbal,,,,,,,,,,,,,,,,,
3,3,25 - 44 years,Male,"200,001 and above",Outside Karachi,,,,,,,,,,,,,,,,,
4,4,45 years and above,Female,Prefer not to answer,Gulzar-e-Hijri,,,,,,,,,,,,,,,,,
5,5,15 - 24 years,Female,"175,000 - 200,000 rupees",Gulberg,,,,,,,,,,,,,,,,,
6,6,15 - 24 years,Male,Prefer not to answer,Gulshan-e-Iqbal,,,,,,,,,,,,,,,,,
7,7,45 years and above,Male,"150,001 - 175,000 rupees",Gulzar-e-Hijri,,,,,,,,,,,,,,,,,
8,8,25 - 44 years,Male,"25,001 - 50,000 rupees",Gulshan-e-Iqbal,,,,,,,,,,,,,,,,,
9,9,45 years and above,Female,Prefer not to answer,Clifton Cantonment,,,,,,,,,,,,,,,,,
10,10,25 - 44 years,Male,Prefer not to answer,Ferozabad,,,,,,,,,,,,,,,,,
11,11,25 - 44 years,Male,Prefer not to answer,North Nazimabad,,,,,,,,,,,,,,,,,
12,12,45 years and above,Male,"25,001 - 50,000 rupees",Outside Karachi,,,,,,,,,,,,,,,,,
13,13,15 - 24 years,Male,"125,001 - 150,000 rupees",North Nazimabad,,,,,,,,,,,,,,,,,
14,14,15 - 24 years,Male,Prefer not to answer,Civil Lines,,,,No,,Fear of theft;Fear of harrasment;Lack of securtiy arrangements;Lack of lighting;Stray dogs,Both,6:00pm - 10:00pm,More than an hour,Poor,Poor,Poor,Poor,Poor,Poor,Poor,Poor
15,15,15 - 24 years,Female,"50,001 - 75,000 rupees",Airport,,,,Yes,Evening,,Weekdays,6:00pm - 10:00pm,More than an hour,Poor,Poor,Fair,Poor,Fair,Fair,Fair,Poor
16,16,15 - 24 years,Male,Prefer not to answer,Clifton Cantonment,,,,Yes,Evening,,Both,6:00am - 10:00am;6:00pm - 10:00pm,Less than an hour,Poor,Poor,Poor,Poor,Poor,Fair,Fair,Poor
17,17,15 - 24 years,Male,Prefer not to answer,Ferozabad,,,,Yes,Morning,,Weekdays,6:00pm - 10:00pm,More than an hour,Poor,Poor,Poor,Poor,Poor,Poor,Poor,Poor
18,18,25 - 44 years,Male,"50,001 - 75,000 rupees",Clifton Cantonment,,,,Yes,Morning,,Weekdays,6:00am - 10:00am,Less than an hour,Good,Good,Fair,Fair,Fair,Good,Fair,Poor
19,19,15 - 24 years,Male,Prefer not to answer,Clifton Cantonment,,,,Yes,Any time of the day,,Weekdays,6:00pm - 10:00pm,More than an hour,Poor,Fair,Fair,Poor,Fair,Poor,Fair,Poor
20,20,15 - 24 years,Male,"25,001 - 50,000 rupees",Clifton Cantonment,,,,Yes,Evening,,Weekdays,2:00pm - 6:00pm,Less than an hour,Poor,Fair,Fair,Poor,Poor,Poor,Poor,Poor
21,21,25 - 44 years,Male,"Up to 25,000 rupees",Clifton Cantonment,,,,Yes,Evening,,Both,6:00pm - 10:00pm,More than an hour,Poor,Poor,Poor,Poor,Poor,Poor,Poor,Poor
22,22,15 - 24 years,Female,"150,001 - 175,000 rupees",Gulshan-e-Iqbal,,,,Yes,Evening,,Weekdays,6:00pm - 10:00pm,Less than an hour,Poor,Poor,Fair,Poor,Fair,Poor,Poor,Poor
23,23,15 - 24 years,Male,Prefer not to answer,Clifton Cantonment,,,,Yes,Evening,,Both,2:00pm - 6:00pm,More than an hour,Good,Fair,Fair,Poor,Fair,Good,Poor,Poor
24,24,45 years and above,Male,"150,001 - 175,000 rupees",Nazimabad,,,,Yes,Night,,Both,6:00pm - 10:00pm;10:00pm - 2:00am,More than an hour,Poor,Poor,Poor,Poor,Fair,Poor,Fair,Poor
25,25,15 - 24 years,Male,Prefer not to answer,Gulshan-e-Iqbal,,,,No,,Fear of theft,Weekdays,6:00pm - 10:00pm;10:00pm - 2:00am,More than an hour,Poor,Poor,Poor,Poor,Poor,Poor,Poor,Poor
26,26,25 - 44 years,Male,Prefer not to answer,Gulshan-e-Iqbal,,,,Yes,Evening,,Weekends,2:00pm - 6:00pm,More than an hour,Fair,Poor,Poor,Poor,Poor,Poor,Fair,Poor
27,27,15 - 24 years,Male,Prefer not to answer,Clifton Cantonment,,,,Yes,Morning,,Weekdays,10:00am - 2:00pm,More than an hour,Fair,Fair,Fair,Fair,Fair,Fair,Fair,Poor
28,28,25 - 44 years,Female,"200,001 and above",Gulshan-e-Iqbal,,,,No,,Fear of theft;Fear of harrasment;Lack of securtiy arrangements;Lack of lighting;Stray dogs;Reckless speeding by vehicles,Both,10:00am - 2:00pm;2:00pm - 6:00pm;6:00pm - 10:00pm,More than an hour,Poor,Poor,Poor,Poor,Poor,Poor,Poor,Poor
29,29,15 - 24 years,Female,Prefer not to answer,Jamshed Quarters,,,,No,,Fear of theft;Fear of harrasment,Weekdays,6:00pm - 10:00pm,More than an hour,Fair,Fair,Poor,Poor,Poor,Poor,Poor,Poor
30,30,25 - 44 years,Male,"50,001 - 75,000 rupees",Jamshed Quarters,,,,No,,Fear of harrasment,Both,6:00am - 10:00am,Less than an hour,Poor,Poor,Poor,Poor,Poor,Fair,Poor,Poor
31,31,15 - 24 years,Male,Prefer not to answer,Clifton Cantonment,,,,No,,Fear of theft;Lack of securtiy arrangements,Weekdays,10:00am - 2:00pm,More than an hour,Fair,Poor,Poor,Poor,Poor,Poor,Fair,Poor
32,32,15 - 24 years,Male,Prefer not to answer,Baldia,,,,No,,Nothing,Weekends,6:00pm - 10:00pm,Less than an hour,Fair,Poor,Poor,Poor,Poor,Poor,Poor,Poor
33,33,15 - 24 years,Male,"Up to 25,000 rupees",Baldia,,,,Yes,Evening,,Weekends,6:00pm - 10:00pm,Less than an hour,Poor,Poor,Poor,Poor,Poor,Fair,Good,Poor
34,34,25 - 44 years,Female,Prefer not to answer,Nazimabad,,,,Yes,Evening,,Weekdays,2:00pm - 6:00pm,More than an hour,Fair,Poor,Poor,Poor,Poor,Poor,Poor,Poor
35,35,15 - 24 years,Female,"125,001 - 150,000 rupees",Gulshan-e-Iqbal,,,,No,,Fear of harrasment,Weekends,6:00am - 10:00am,Less than an hour,Poor,Poor,Poor,Poor,Poor,Poor,Poor,Poor
36,36,25 - 44 years,Male,Prefer not to answer,Malir Cantonment,,,,No,,Fear of theft;Lack of securtiy arrangements,Weekends,2:00pm - 6:00pm,Less than an hour,Poor,Poor,Poor,Poor,Poor,Poor,Poor,Poor
37,37,15 - 24 years,Female,"125,001 - 150,000 rupees",Nazimabad,,,,Yes,Morning,,Weekends,2:00am - 6:00am,More than an hour,Poor,Poor,Poor,Poor,Poor,Poor,Poor,Poor
38,38,15 - 24 years,Female,"25,001 - 50,000 rupees",Orangi,,,,No,,Fear of harrasment;Lack of securtiy arrangements,Weekends,6:00pm - 10:00pm,More than an hour,Poor,Poor,Poor,Poor,Poor,Poor,Poor,Poor
39,39,15 - 24 years,Male,"25,001 - 50,000 rupees",Orangi,,,,Yes,Any time of the day,,Both,6:00pm - 10:00pm,Less than an hour,Poor,Poor,Poor,Poor,Fair,Poor,Poor,Poor
40,40,45 years and above,Male,"25,001 - 50,000 rupees",Garden,,,,Yes,Evening,,Weekends,6:00pm - 10:00pm,More than an hour,Poor,Fair,Poor,Poor,Poor,Poor,Fair,Poor
41,41,15 - 24 years,Male,Prefer not to answer,Saddar,,,,Yes,Evening,,Weekends,6:00pm - 10:00pm,More than an hour,Fair,Poor,Poor,Poor,Poor,Poor,Poor,Poor
42,42,45 years and above,Transgender,"Up to 25,000 rupees",Civil Lines,,,,No,,Fear of theft;Lack of lighting,Both,6:00pm - 10:00pm,More than an hour,Poor,Fair,Poor,Poor,Poor,Poor,Poor,Poor
43,43,25 - 44 years,Female,Prefer not to answer,Gulshan-e-Iqbal,,,,No,,Hygiene,Weekends,6:00pm - 10:00pm,Less than an hour,Poor,Poor,Poor,Poor,Poor,Poor,Poor,Poor
44,44,15 - 24 years,Male,"150,001 - 175,000 rupees",Gulshan-e-Iqbal,,,,Yes,Afternoon,,Weekdays,2:00pm - 6:00pm,More than an hour,Poor,Poor,Poor,Poor,Poor,Poor,Poor,Poor
45,45,Below 15 years,Female,Prefer not to answer,Civil Lines,,,,Yes,Evening,,Weekdays,6:00pm - 10:00pm,More than an hour,Good,Poor,Fair,Poor,Fair,Poor,Good,Fair
46,46,15 - 24 years,Female,Prefer not to answer,Harbour,,,,No,,Fear of harrasment;Lack of securtiy arrangements,Both,2:00pm - 6:00pm,Less than an hour,Poor,Fair,Poor,Poor,Fair,Poor,Poor,Poor
47,47,15 - 24 years,Male,"Up to 25,000 rupees",Gulshan-e-Iqbal,,,,Yes,Morning,,Weekdays,6:00am - 10:00am,Less than an hour,Fair,Poor,Poor,Poor,Fair,Poor,Poor,Poor
48,48,25 - 44 years,Male,"25,001 - 50,000 rupees",Gulshan-e-Iqbal,,,,Yes,Evening,,Both,2:00pm - 6:00pm;6:00pm - 10:00pm,More than an hour,Poor,Poor,Poor,Poor,Poor,Poor,Poor,Poor
49,49,15 - 24 years,Female,Prefer not to answer,New Karachi Town,,,,Yes,Evening,,Weekends,6:00pm - 10:00pm,More than an hour,Poor,Poor,Poor,Poor,Poor,Poor,Poor,Poor
50,50,25 - 44 years,Female,Prefer not to answer,Garden,,,,Yes,Any time of the day,,Weekends,2:00pm - 6:00pm,More than an hour,Poor,Fair,Poor,Poor,Fair,Poor,Good,Poor
51,51,15 - 24 years,Male,"Up to 25,000 rupees",New Karachi Town,,,,Yes,Any time of the day,,Weekends,6:00pm - 10:00pm,More than an hour,Poor,Fair,Poor,Poor,Fair,Good,Good,Poor
52,52,45 years and above,Male,Prefer not to answer,Liaquatabad,,,,Yes,Evening,,Weekdays,2:00pm - 6:00pm,More than an hour,Fair,Poor,Poor,Poor,Poor,Poor,Poor,Poor
53,53,45 years and above,Male,Prefer not to answer,Gulshan-e-Iqbal,,,,No,,Fear of theft,Both,6:00pm - 10:00pm,More than an hour,Poor,Poor,Poor,Poor,Poor,Poor,Fair,Poor
54,54,15 - 24 years,Male,Prefer not to answer,Malir Cantonment,,,,No,,Fear of theft,Weekends,2:00pm - 6:00pm;6:00pm - 10:00pm,More than an hour,Poor,Poor,Poor,Poor,Poor,Poor,Fair,Poor
55,55,45 years and above,Female,Prefer not to answer,New Karachi Town,,,,Yes,Evening,,Weekdays,2:00pm - 6:00pm;6:00pm - 10:00pm,More than an hour,Poor,Good,Poor,Poor,Poor,Fair,Poor,Poor
56,56,15 - 24 years,Female,Prefer not to answer,Gulberg,,,,Yes,Afternoon,,Weekdays,10:00am - 2:00pm,Less than an hour,Poor,Poor,Poor,Poor,Poor,Fair,Fair,Poor
57,57,15 - 24 years,Female,"125,001 - 150,000 rupees",Gulshan-e-Iqbal,,,,No,,Fear of theft;Fear of harrasment;Lack of securtiy arrangements,Both,10:00am - 2:00pm,More than an hour,Poor,Poor,Poor,Poor,Poor,Poor,Fair,Poor
58,58,15 - 24 years,Female,"50,001 - 75,000 rupees",Korangi,,,,Yes,Morning,,Weekdays,2:00pm - 6:00pm,More than an hour,Fair,Fair,Fair,Poor,Fair,Fair,Fair,Fair
59,59,15 - 24 years,Female,"125,001 - 150,000 rupees",Gulshan-e-Iqbal,,,,Yes,Morning,,Both,6:00am - 10:00am,More than an hour,Poor,Poor,Poor,Poor,Poor,Poor,Poor,Poor
60,60,15 - 24 years,Female,"200,001 and above",Clifton Cantonment,,,,No,,Lack of securtiy arrangements,Both,6:00am - 10:00am,Less than an hour,Fair,Poor,Fair,Poor,Fair,Fair,Poor,Poor
61,61,15 - 24 years,Female,"125,001 - 150,000 rupees",Gulshan-e-Iqbal,,,,Yes,Evening,,Both,6:00am - 10:00am;6:00pm - 10:00pm,More than an hour,Poor,Poor,Poor,Poor,Poor,Poor,Fair,Poor
62,62,15 - 24 years,Female,"200,001 and above",Clifton Cantonment,,,,No,,Lack of securtiy arrangements,Both,6:00am - 10:00am,Less than an hour,Fair,Poor,Fair,Poor,Fair,Fair,Poor,Poor
63,63,15 - 24 years,Female,Prefer not to answer,Malir Cantonment,,,,No,,Fear of theft;Lack of securtiy arrangements;Lack of lighting;Stray dogs;Reckless speeding by vehicles,Weekdays,2:00pm - 6:00pm,Less than an hour,Poor,Poor,Poor,Poor,Poor,Poor,Poor,Poor
64,64,15 - 24 years,Male,"50,001 - 75,000 rupees",Gulshan-e-Iqbal,,,,Yes,Any time of the day,,Weekdays,2:00pm - 6:00pm,Less than an hour,Fair,Poor,Poor,Poor,Fair,Poor,Good,Poor
65,65,15 - 24 years,Female,Prefer not to answer,Gulshan-e-Iqbal,,,,No,,Lack of securtiy arrangements,Weekends,6:00am - 10:00am,Less than an hour,Good,Good,Good,Good,Poor,Good,Fair,Fair
66,66,15 - 24 years,Female,"50,001 - 75,000 rupees",Gulshan-e-Iqbal,,,,No,,"Lots of people there are not good they stare, they make the place polluted ",Both,2:00pm - 6:00pm,Less than an hour,Poor,Poor,Poor,Poor,Poor,Poor,Poor,Poor
67,67,15 - 24 years,Female,Prefer not to answer,Nazimabad,,,,No,,Fear of harrasment;Lack of securtiy arrangements;Lack of lighting;Reckless speeding by vehicles,Weekends,6:00am - 10:00am,More than an hour,Poor,Poor,Fair,Poor,Poor,Fair,Fair,Poor
68,68,15 - 24 years,Female,Prefer not to answer,Gulshan-e-Iqbal,,,,No,,Fear of theft;Fear of harrasment;Lack of securtiy arrangements;Lack of lighting,Weekends,6:00am - 10:00am;10:00am - 2:00pm,More than an hour,Poor,Poor,Poor,Poor,Fair,Poor,Poor,Poor
69,69,15 - 24 years,Female,"125,001 - 150,000 rupees",Nazimabad,,,,Yes,Afternoon,,Both,6:00am - 10:00am;2:00pm - 6:00pm;6:00pm - 10:00pm;10:00pm - 2:00am,More than an hour,Fair,Poor,Poor,Poor,Poor,Poor,Fair,Poor
70,70,15 - 24 years,Female,"150,001 - 175,000 rupees",Gulshan-e-Iqbal,,,,Yes,Afternoon,,Weekdays,2:00pm - 6:00pm,More than an hour,Poor,Poor,Poor,Poor,Poor,Poor,Poor,Poor
71,71,15 - 24 years,Female,"50,001 - 75,000 rupees",Nazimabad,,,,Yes,Morning,,Weekends,10:00am - 2:00pm,More than an hour,Fair,Poor,Poor,Poor,Fair,Poor,Fair,Poor
72,72,15 - 24 years,Female,"Up to 25,000 rupees",Gulshan-e-Iqbal,,,,No,,Fear of harrasment;Lack of securtiy arrangements;Lack of lighting;Stray dogs,Weekdays,6:00am - 10:00am,Less than an hour,Poor,Fair,Fair,Fair,Poor,Poor,Fair,Fair
73,73,15 - 24 years,Female,"Up to 25,000 rupees",Gulzar-e-Hijri,,,,No,,Fear of theft;Fear of harrasment;Lack of securtiy arrangements;Lack of lighting;Stray dogs,Weekends,2:00pm - 6:00pm,More than an hour,Poor,Poor,Poor,Poor,Poor,Poor,Poor,Poor
74,74,15 - 24 years,Female,"200,001 and above",Gulshan-e-Iqbal,,,,No,,Fear of harrasment,Weekdays,6:00am - 10:00am,More than an hour,Poor,Poor,Poor,Poor,Poor,Fair,Fair,Fair
75,75,15 - 24 years,Male,"25,001 - 50,000 rupees",Gulshan-e-Iqbal,,,,No,,Fear of theft;Fear of harrasment;Lack of securtiy arrangements;Lack of lighting,Both,6:00am - 10:00am;6:00pm - 10:00pm,More than an hour,Fair,Poor,Poor,Poor,Poor,Poor,Fair,Poor
76,76,15 - 24 years,Female,"200,001 and above",Malir Cantonment,,,,No,,Lack of securtiy arrangements,Weekdays,2:00pm - 6:00pm,Less than an hour,Poor,Poor,Poor,Poor,Poor,Fair,Fair,Poor
77,77,15 - 24 years,Female,Prefer not to answer,Liaquatabad,,,,No,,Lack of lighting;All ,Weekdays,6:00pm - 10:00pm,More than an hour,Poor,Poor,Poor,Poor,Poor,Fair,Good,Poor
78,78,15 - 24 years,Male,Prefer not to answer,Gulshan-e-Iqbal,,,,Yes,Any time of the day,,Both,2:00am - 6:00am,More than an hour,Fair,Fair,Poor,Poor,Poor,Fair,Good,Poor
79,79,15 - 24 years,Female,"25,001 - 50,000 rupees",Gulberg,,,,No,,Fear of harrasment,Weekdays,2:00pm - 6:00pm,Less than an hour,Poor,Poor,Fair,Poor,Poor,Poor,Good,Poor
80,80,15 - 24 years,Female,"125,001 - 150,000 rupees",Ferozabad,,,,Yes,Morning,,Weekends,6:00am - 10:00am,More than an hour,Fair,Fair,Fair,Poor,Fair,Fair,Fair,Poor
81,81,15 - 24 years,Male,"50,001 - 75,000 rupees",Nazimabad,,,,Yes,Morning,,Weekends,6:00am - 10:00am,Less than an hour,Fair,Poor,Fair,Poor,Fair,Fair,Fair,Poor
82,82,15 - 24 years,Female,"200,001 and above",Clifton Cantonment,,,,Yes,Morning,,Weekdays,6:00am - 10:00am;6:00pm - 10:00pm,Less than an hour,Poor,Poor,Poor,Poor,Poor,Poor,Fair,Poor
83,83,15 - 24 years,Female,"150,001 - 175,000 rupees",Gulshan-e-Iqbal,,,,Yes,Morning,,Both,6:00am - 10:00am,Less than an hour,Poor,Poor,Fair,Poor,Poor,Poor,Good,Fair
84,84,15 - 24 years,Female,"125,001 - 150,000 rupees",Gulshan-e-Iqbal,,,,No,,Lack of securtiy arrangements;Lack of lighting;Reckless speeding by vehicles,Weekends,6:00am - 10:00am;2:00pm - 6:00pm,Less than an hour,Poor,Poor,Poor,Poor,Poor,Fair,Poor,Poor
85,85,15 - 24 years,Female,"200,001 and above",Nazimabad,,,,No,,Fear of theft,Both,6:00am - 10:00am,More than an hour,Poor,Poor,Poor,Poor,Poor,Poor,Poor,Poor
86,86,15 - 24 years,Female,Prefer not to answer,Shah Faisal,,,,Yes,Morning,,Both,6:00am - 10:00am,Less than an hour,Fair,Fair,Fair,Fair,Fair,Fair,Fair,Fair
87,87,15 - 24 years,Male,"125,001 - 150,000 rupees",Gulshan-e-Iqbal,,,,Yes,Morning,,Weekends,6:00am - 10:00am;10:00pm - 2:00am;2:00am - 6:00am,Less than an hour,Fair,Poor,Fair,Poor,Poor,Poor,Poor,Poor
88,88,15 - 24 years,Female,"150,001 - 175,000 rupees",Saddar,,,,No,,Fear of theft;Fear of harrasment;Lack of securtiy arrangements;Lack of lighting;Stray dogs,Weekdays,6:00pm - 10:00pm;10:00pm - 2:00am,Less than an hour,Poor,Poor,Poor,Poor,Poor,Poor,Poor,Poor
89,89,15 - 24 years,Male,Prefer not to answer,Gulshan-e-Iqbal,,,,No,,Fear of theft;Fear of harrasment;Lack of securtiy arrangements;Reckless speeding by vehicles,Both,6:00am - 10:00am,Less than an hour,Fair,Poor,Poor,Poor,Poor,Poor,Poor,Poor
90,90,15 - 24 years,Female,"200,001 and above",Faisal Cantonment,,,,Yes,Afternoon,,Weekdays,6:00am - 10:00am;2:00pm - 6:00pm,Less than an hour,Good,Fair,Good,Fair,Fair,Fair,Good,Fair
91,91,25 - 44 years,Female,Prefer not to answer,Shah Faisal,,,,No,,Fear of theft;Lack of lighting;Stray dogs,Both,6:00am - 10:00am,More than an hour,Poor,Poor,Poor,Poor,Poor,Poor,Poor,Poor
92,92,15 - 24 years,Female,Prefer not to answer,Malir Cantonment,,,,No,,Fear of theft;Lack of securtiy arrangements;Lack of lighting;Stray dogs;Reckless speeding by vehicles,Weekdays,2:00pm - 6:00pm,Less than an hour,Poor,Poor,Poor,Poor,Poor,Poor,Poor,Poor
93,93,15 - 24 years,Female,"50,001 - 75,000 rupees",Nazimabad,,,,Yes,Afternoon,,Both,2:00pm - 6:00pm,More than an hour,Poor,Poor,Poor,Poor,Poor,Fair,Poor,Poor
94,94,15 - 24 years,Female,"25,001 - 50,000 rupees",Gulzar-e-Hijri,,,,Yes,Morning,,Weekends,6:00am - 10:00am,More than an hour,Good,Good,Good,Good,Good,Good,Good,Good
95,95,15 - 24 years,Female,"125,001 - 150,000 rupees",Nazimabad,,,,Yes,Morning,,Weekends,6:00am - 10:00am;10:00am - 2:00pm,More than an hour,Fair,Fair,Fair,Poor,Fair,Fair,Fair,Fair
96,96,15 - 24 years,Male,"125,001 - 150,000 rupees",Ferozabad,,,,Yes,Morning,,Weekends,6:00am - 10:00am,More than an hour,Poor,Poor,Poor,Poor,Fair,Fair,Good,Poor
97,97,15 - 24 years,Female,"50,001 - 75,000 rupees",Gulshan-e-Iqbal,,,,Yes,Evening,,Weekends,6:00pm - 10:00pm,More than an hour,Poor,Poor,Poor,Poor,Poor,Fair,Fair,Poor
98,98,15 - 24 years,Male,"200,001 and above",Gulshan-e-Iqbal,,,,Yes,Morning,,Both,6:00am - 10:00am;10:00am - 2:00pm,Less than an hour,Poor,Fair,Poor,Poor,Poor,Poor,Fair,Poor
99,99,15 - 24 years,Male,"50,001 - 75,000 rupees",Gulshan-e-Iqbal,,,,Yes,Morning,,Weekends,6:00am - 10:00am;2:00am - 6:00am,Less than an hour,Fair,Fair,Fair,Poor,Fair,Fair,Fair,Poor
100,100,15 - 24 years,Female,"125,001 - 150,000 rupees",Gulshan-e-Iqbal,,,,No,,Fear of harrasment,Both,6:00am - 10:00am;2:00pm - 6:00pm,Less than an hour,Fair,Poor,Fair,Poor,Fair,Fair,Fair,Poor
101,101,15 - 24 years,Female,Prefer not to answer,Gulshan-e-Iqbal,,,,No,,Lack of securtiy arrangements,Weekdays,2:00pm - 6:00pm,More than an hour,Fair,Poor,Poor,Poor,Fair,Fair,Fair,Poor
102,102,25 - 44 years,Female,"50,001 - 75,000 rupees",Jamshed Quarters,,,,Yes,Night,,Weekdays,10:00pm - 2:00am,More than an hour,Poor,Poor,Poor,Poor,Fair,Fair,Fair,Poor
103,103,15 - 24 years,Female,Prefer not to answer,Karachi Cantonment,,,,No,,Fear of harrasment,Weekdays,10:00pm - 2:00am,Less than an hour,Fair,Poor,Poor,Poor,Poor,Poor,Poor,Poor
104,104,15 - 24 years,Female,"50,001 - 75,000 rupees",Shah Faisal,,,,No,,Fear of harrasment,Weekdays,10:00am - 2:00pm,Less than an hour,Poor,Poor,Poor,Poor,Poor,Fair,Fair,Poor
105,105,15 - 24 years,Male,Prefer not to answer,Gulshan-e-Iqbal,,,,No,,Fear of theft;Fear of harrasment;Lack of securtiy arrangements,Both,6:00am - 10:00am;6:00pm - 10:00pm;10:00pm - 2:00am,More than an hour,Poor,Poor,Poor,Poor,Poor,Poor,Fair,Poor
106,106,15 - 24 years,Female,"50,001 - 75,000 rupees",Faisal Cantonment,,,,No,,Lack of securtiy arrangements,Both,6:00pm - 10:00pm,More than an hour,Poor,Poor,Poor,Poor,Poor,Fair,Fair,Poor
107,107,15 - 24 years,Female,"25,001 - 50,000 rupees",Jamshed Quarters,,,,Yes,Morning,,Both,10:00am - 2:00pm;2:00pm - 6:00pm;6:00pm - 10:00pm,More than an hour,Fair,Poor,Fair,Poor,Poor,Fair,Poor,Poor
108,108,15 - 24 years,Female,"125,001 - 150,000 rupees",Civil Lines,,,,Yes,Evening,,Weekends,2:00pm - 6:00pm,Less than an hour,Fair,Poor,Poor,Poor,Fair,Fair,Good,Fair
109,109,15 - 24 years,Male,"125,001 - 150,000 rupees",Gulshan-e-Iqbal,,,,Yes,Morning,,Both,6:00am - 10:00am;2:00pm - 6:00pm,More than an hour,Fair,Fair,Fair,Poor,Poor,Poor,Fair,Poor
110,110,15 - 24 years,Female,"25,001 - 50,000 rupees",Jamshed Quarters,,,,No,,Fear of harrasment;Lack of securtiy arrangements;Lack of lighting,Weekends,2:00pm - 6:00pm,More than an hour,Poor,Fair,Poor,Poor,Poor,Fair,Fair,Fair
111,111,15 - 24 years,Male,"200,001 and above",Airport,,,,Yes,Evening,,Both,6:00am - 10:00am,Less than an hour,Good,Fair,Poor,Poor,Fair,Good,Good,Poor
112,112,15 - 24 years,Female,Prefer not to answer,Gulshan-e-Iqbal,,,,Yes,Morning,,Weekends,6:00am - 10:00am,More than an hour,Poor,Poor,Poor,Poor,Poor,Fair,Fair,Fair
113,113,15 - 24 years,Female,"125,001 - 150,000 rupees",Gulshan-e-Iqbal,,,,No,,Fear of harrasment,Both,2:00pm - 6:00pm,Less than an hour,Poor,Poor,Poor,Poor,Poor,Poor,Poor,Poor
114,114,15 - 24 years,Female,Prefer not to answer,Faisal Cantonment,,,,No,,Fear of theft;Fear of harrasment;Lack of securtiy arrangements;Lack of lighting; many people esp inappropriately dressed men without families,Both,10:00am - 2:00pm;2:00pm - 6:00pm;6:00pm - 10:00pm;10:00pm - 2:00am,Less than an hour,Poor,Poor,Poor,Poor,Poor,Poor,Poor,Poor
115,115,15 - 24 years,Female,"200,001 and above",Clifton Cantonment,,,,Yes,Evening,,Both,6:00pm - 10:00pm,Less than an hour,Poor,Poor,Poor,Poor,Poor,Poor,Poor,Poor
116,116,45 years and above,Female,"50,001 - 75,000 rupees",Faisal Cantonment,,,,Yes,Evening,,Weekends,2:00pm - 6:00pm,More than an hour,Fair,Poor,Poor,Poor,Poor,Fair,Fair,Poor
117,117,15 - 24 years,Female,Prefer not to answer,Gulshan-e-Iqbal,,,,Yes,Morning,,Weekends,2:00pm - 6:00pm,Less than an hour,Fair,Fair,Fair,Poor,Poor,Poor,Fair,Poor
118,118,15 - 24 years,Female,"200,001 and above",Nazimabad,,,,Yes,Morning,,Weekends,10:00am - 2:00pm,Less than an hour,Poor,Poor,Poor,Poor,Poor,Poor,Poor,Poor
119,119,25 - 44 years,Female,"125,001 - 150,000 rupees",Gulshan-e-Iqbal,,,,Yes,Morning,,Both,6:00pm - 10:00pm,More than an hour,Fair,Fair,Fair,Poor,Fair,Fair,Good,Fair
120,120,15 - 24 years,Female,"50,001 - 75,000 rupees",Gulshan-e-Iqbal,,,,No,,Fear of theft;Stray dogs;Reckless speeding by vehicles,Both,6:00am - 10:00am;2:00pm - 6:00pm,Less than an hour,Fair,Poor,Fair,Poor,Fair,Fair,Good,Fair
121,121,25 - 44 years,Female,Prefer not to answer,Shah Faisal,,,,No,,Fear of theft;Fear of harrasment;Lack of securtiy arrangements,Both,2:00pm - 6:00pm,More than an hour,Poor,Poor,Poor,Poor,Poor,Poor,Poor,Poor
122,122,45 years and above,Male,"50,001 - 75,000 rupees",Clifton Cantonment,,,,Yes,Evening,,Both,6:00pm - 10:00pm,More than an hour,Poor,Poor,Fair,Poor,Poor,Fair,Poor,Poor
123,123,15 - 24 years,Male,"Up to 25,000 rupees",Nazimabad,,,,Yes,Evening,,Weekdays,2:00pm - 6:00pm,Less than an hour,Fair,Poor,Poor,Poor,Poor,Poor,Fair,Poor
124,124,25 - 44 years,Female,"Up to 25,000 rupees",Gulshan-e-Iqbal,,,,No,,Fear of theft,Weekdays,2:00pm - 6:00pm,More than an hour,Poor,Poor,Poor,Poor,Poor,Poor,Poor,Poor
125,125,45 years and above,Prefer not to answer,"25,001 - 50,000 rupees",Gulshan-e-Iqbal,,,,Yes,Evening,,Weekends,6:00pm - 10:00pm,More than an hour,Poor,Poor,Poor,Poor,Poor,Poor,Poor,Poor
126,126,25 - 44 years,Male,"Up to 25,000 rupees",Shah Faisal,,,,Yes,Evening,,Weekends,2:00pm - 6:00pm;6:00pm - 10:00pm,More than an hour,Poor,Poor,Poor,Poor,Good,Poor,Fair,Poor
127,127,25 - 44 years,Female,"25,001 - 50,000 rupees",Sindh Industrial Trading Estate (SITE),,,,No,,Fear of harrasment,Weekends,2:00pm - 6:00pm,More than an hour,Poor,Poor,Poor,Fair,Poor,Poor,Poor,Poor
128,128,15 - 24 years,Male,"25,001 - 50,000 rupees",Gulshan-e-Iqbal,,,,No,,Lack of securtiy arrangements,Weekends,6:00pm - 10:00pm,Less than an hour,Poor,Poor,Poor,Poor,Poor,Poor,Poor,Fair
129,129,15 - 24 years,Male,"Up to 25,000 rupees",Korangi,,,,Yes,Evening,,Weekends,2:00pm - 6:00pm,More than an hour,Poor,Poor,Poor,Poor,Poor,Poor,Poor,Poor
130,130,25 - 44 years,Male,"Up to 25,000 rupees",Korangi,,,,Yes,Evening,,Weekends,6:00pm - 10:00pm,More than an hour,Poor,Poor,Poor,Poor,Good,Poor,Fair,Poor
131,131,15 - 24 years,Female,"25,001 - 50,000 rupees",New Karachi Town,,,,No,,Lack of securtiy arrangements,Weekends,2:00pm - 6:00pm,More than an hour,Poor,Poor,Poor,Poor,Poor,Poor,Poor,Poor
132,132,25 - 44 years,Female,Prefer not to answer,Outside Karachi,,,,Yes,Evening,,Both,2:00pm - 6:00pm,More than an hour,Poor,Poor,Poor,Poor,Poor,Poor,Poor,Poor
133,133,25 - 44 years,Male,"25,001 - 50,000 rupees",Outside Karachi,,,,Yes,Morning,,Weekends,10:00am - 2:00pm;2:00pm - 6:00pm,More than an hour,Poor,Poor,Poor,Poor,Poor,Poor,Poor,Poor
134,134,25 - 44 years,Male,"50,001 - 75,000 rupees",Gulshan-e-Iqbal,,,,Yes,Morning,,Weekdays,6:00am - 10:00am;2:00pm - 6:00pm,Less than an hour,Poor,Poor,Poor,Poor,Poor,Poor,Poor,Poor
135,135,25 - 44 years,Male,"25,001 - 50,000 rupees",Korangi,,,,Yes,Evening,,Weekdays,2:00pm - 6:00pm;6:00pm - 10:00pm;10:00pm - 2:00am,More than an hour,Poor,Poor,Poor,Poor,Fair,Poor,Fair,Poor
136,136,15 - 24 years,Male,"25,001 - 50,000 rupees",Shah Faisal,,,,Yes,Evening,,Weekends,2:00pm - 6:00pm,More than an hour,Poor,Fair,Poor,Poor,Fair,Poor,Fair,Good
137,137,15 - 24 years,Male,"25,001 - 50,000 rupees",Shah Faisal,,,,Yes,Evening,,Weekends,2:00pm - 6:00pm,More than an hour,Poor,Fair,Poor,Poor,Fair,Poor,Fair,Good
138,138,15 - 24 years,Male,"25,001 - 50,000 rupees",Shah Faisal,,,,Yes,Evening,,Weekends,2:00pm - 6:00pm,More than an hour,Poor,Fair,Poor,Poor,Fair,Poor,Fair,Good
139,139,15 - 24 years,Female,Prefer not to answer,Sindh Industrial Trading Estate (SITE),,,,Yes,Evening,,Weekdays,2:00pm - 6:00pm,More than an hour,Fair,Poor,Fair,Poor,Poor,Poor,Poor,Poor
140,140,25 - 44 years,Male,"Up to 25,000 rupees",Korangi,,,,No,,Fear of theft;Fear of harrasment,Weekdays,6:00pm - 10:00pm,More than an hour,Poor,Poor,Poor,Poor,Fair,Fair,Poor,Poor
141,141,25 - 44 years,Male,"25,001 - 50,000 rupees",Korangi Creek Cantonment,,,,Yes,Evening,,Weekends,2:00pm - 6:00pm,More than an hour,Poor,Poor,Poor,Poor,Fair,Poor,Poor,Poor
142,142,25 - 44 years,Male,Prefer not to answer,Nazimabad,,,,No,,Fear of theft;Lack of securtiy arrangements,Weekends,6:00am - 10:00am;6:00pm - 10:00pm,Less than an hour,Poor,Poor,Poor,Poor,Poor,Poor,Poor,Poor
143,143,25 - 44 years,Female,"50,001 - 75,000 rupees",Model Colony,,,,Yes,Evening,,Weekends,2:00pm - 6:00pm,More than an hour,Poor,Poor,Fair,Poor,Fair,Fair,Poor,Poor
144,144,15 - 24 years,Male,"25,001 - 50,000 rupees",Korangi,,,,Yes,Evening,,Weekends,2:00pm - 6:00pm,More than an hour,Fair,Poor,Fair,Poor,Poor,Poor,Fair,Poor
145,145,25 - 44 years,Male,"25,001 - 50,000 rupees",Korangi,,,,Yes,Evening,,Weekends,2:00pm - 6:00pm;6:00pm - 10:00pm,More than an hour,Poor,Poor,Poor,Poor,Poor,Fair,Fair,Poor
146,146,25 - 44 years,Female,Prefer not to answer,Malir Cantonment,,,,No,,Fear of harrasment,Weekends,2:00pm - 6:00pm,More than an hour,Poor,Poor,Poor,Poor,Poor,Poor,Poor,Poor
147,147,45 years and above,Male,"125,001 - 150,000 rupees",Jamshed Quarters,,,,No,,Reckless speeding by vehicles,Weekdays,6:00am - 10:00am,More than an hour,Poor,Poor,Poor,Poor,Poor,Fair,Poor,Poor
148,148,45 years and above,Male,"25,001 - 50,000 rupees",Landhi,,,,No,,Fear of harrasment;Lack of securtiy arrangements;Lack of lighting,Weekends,2:00pm - 6:00pm,More than an hour,Poor,Poor,Poor,Poor,Fair,Poor,Poor,Poor
149,149,25 - 44 years,Female,"25,001 - 50,000 rupees",Outside Karachi,,,,Yes,Evening,,Both,2:00pm - 6:00pm,More than an hour,Fair,Poor,Poor,Poor,Poor,Poor,Fair,Poor
150,150,25 - 44 years,Female,"Up to 25,000 rupees",Korangi,,,,Yes,Evening,,Both,2:00pm - 6:00pm,More than an hour,Poor,Poor,Poor,Poor,Fair,Poor,Poor,Poor
151,151,25 - 44 years,Male,"25,001 - 50,000 rupees",Orangi,,,,Yes,Evening,,Weekends,6:00pm - 10:00pm,More than an hour,Poor,Poor,Poor,Poor,Fair,Poor,Good,Poor
152,152,25 - 44 years,Male,Prefer not to answer,Nazimabad,,,,Yes,Evening,,Weekends,2:00pm - 6:00pm,Less than an hour,Poor,Poor,Poor,Fair,Poor,Fair,Poor,Poor
153,153,45 years and above,Male,"50,001 - 75,000 rupees",Shah Faisal,,,,No,,Fear of theft;Fear of harrasment;Lack of securtiy arrangements,Weekends,2:00pm - 6:00pm,Less than an hour,Poor,Poor,Poor,Poor,Poor,Poor,Poor,Poor
154,154,25 - 44 years,Female,"25,001 - 50,000 rupees",Landhi,,,,No,,Lack of securtiy arrangements,Weekends,2:00pm - 6:00pm,More than an hour,Poor,Poor,Fair,Poor,Good,Poor,Poor,Poor
155,155,15 - 24 years,Female,"25,001 - 50,000 rupees",Malir Cantonment,,,,Yes,Evening,,Both,2:00pm - 6:00pm;6:00pm - 10:00pm,More than an hour,Poor,Poor,Poor,Poor,Poor,Poor,Poor,Poor
156,156,45 years and above,Female,"50,001 - 75,000 rupees",Malir Cantonment,,,,No,,Fear of theft;Fear of harrasment;Lack of securtiy arrangements;Pathans,Weekends,2:00pm - 6:00pm,More than an hour,Poor,Poor,Poor,Poor,Fair,Poor,Poor,Poor
157,157,25 - 44 years,Female,Prefer not to answer,Gulberg,,,,Yes,Evening,,Weekends,2:00pm - 6:00pm;6:00pm - 10:00pm,More than an hour,Poor,Poor,Poor,Poor,Poor,Poor,Poor,Poor
158,158,25 - 44 years,Male,Prefer not to answer,Liaquatabad,,,,Yes,Evening,,Weekends,6:00pm - 10:00pm,More than an hour,Poor,Poor,Poor,Poor,Fair,Poor,Poor,Poor
159,159,25 - 44 years,Male,"25,001 - 50,000 rupees",Faisal Cantonment,,,,Yes,Morning,,Weekdays,6:00pm - 10:00pm,Less than an hour,Good,Poor,Poor,Poor,Good,Poor,Good,Poor
160,160,25 - 44 years,Female,"50,001 - 75,000 rupees",Malir Cantonment,,,,Yes,Evening,,Both,6:00pm - 10:00pm,More than an hour,Poor,Fair,Poor,Poor,Fair,Poor,Poor,Poor
161,161,25 - 44 years,Male,"25,001 - 50,000 rupees",Malir Cantonment,,,,No,,Fear of theft;Fear of harrasment;Lack of securtiy arrangements,Weekdays,6:00pm - 10:00pm,More than an hour,Poor,Poor,Poor,Poor,Poor,Poor,Poor,Poor
162,162,25 - 44 years,Male,Prefer not to answer,Gulshan-e-Iqbal,,,,No,,Fear of theft;Lack of securtiy arrangements,Weekends,6:00am - 10:00am;10:00pm - 2:00am,Less than an hour,Poor,Poor,Poor,Poor,Fair,Fair,Good,Poor
163,163,15 - 24 years,Male,Prefer not to answer,Gulshan-e-Iqbal,,,,No,,Fear of harrasment,Weekends,6:00am - 10:00am,More than an hour,Poor,Poor,Poor,Poor,Fair,Poor,Poor,Poor
164,164,25 - 44 years,Female,"50,001 - 75,000 rupees",Gulshan-e-Iqbal,,,,Yes,Evening,,Both,6:00am - 10:00am;6:00pm - 10:00pm,More than an hour,Fair,Poor,Poor,Poor,Fair,Fair,Poor,Poor
165,165,15 - 24 years,Male,"Up to 25,000 rupees",Gulshan-e-Iqbal,,,,Yes,Evening,,Weekends,2:00pm - 6:00pm,More than an hour,Poor,Poor,Poor,Poor,Poor,Poor,Fair,Poor
166,166,25 - 44 years,Male,"Up to 25,000 rupees",Korangi,,,,Yes,Afternoon,,Weekends,2:00pm - 6:00pm,More than an hour,Poor,Poor,Poor,Poor,Poor,Poor,Poor,Poor
167,167,25 - 44 years,Male,"25,001 - 50,000 rupees",Orangi,,,,Yes,Morning,,Weekdays,6:00pm - 10:00pm,More than an hour,Poor,Fair,Poor,Poor,Poor,Poor,Poor,Poor
168,168,25 - 44 years,Female,Prefer not to answer,Korangi,,,,Yes,Evening,,Weekends,2:00pm - 6:00pm,More than an hour,Poor,Fair,Poor,Poor,Poor,Poor,Poor,Poor
169,169,25 - 44 years,Male,"25,001 - 50,000 rupees",Korangi,,,,No,,Fear of theft;Fear of harrasment;Lack of securtiy arrangements,Weekends,2:00pm - 6:00pm;6:00pm - 10:00pm,More than an hour,Poor,Poor,Poor,Poor,Poor,Poor,Poor,Poor
170,170,25 - 44 years,Male,Prefer not to answer,Korangi,,,,Yes,Evening,,Weekends,6:00pm - 10:00pm,More than an hour,Poor,Poor,Poor,Poor,Poor,Poor,Poor,Poor
171,171,15 - 24 years,Female,Prefer not to answer,Clifton Cantonment,,,,Yes,Evening,,Weekends,6:00pm - 10:00pm,More than an hour,Poor,Fair,Poor,Poor,Poor,Poor,Fair,Poor
172,172,15 - 24 years,Male,Prefer not to answer,Gulshan-e-Iqbal,,,,No,,Lack of securtiy arrangements,Both,6:00am - 10:00am;10:00am - 2:00pm;2:00pm - 6:00pm;6:00pm - 10:00pm;10:00pm - 2:00am;2:00am - 6:00am,More than an hour,Poor,Poor,Poor,Poor,Fair,Poor,Poor,Poor
173,173,25 - 44 years,Male,Prefer not to answer,Clifton Cantonment,,,,Yes,Morning,,Weekends,6:00pm - 10:00pm;10:00pm - 2:00am,Less than an hour,Fair,Poor,Poor,Poor,Poor,Poor,Poor,Poor
174,174,15 - 24 years,Male,"125,001 - 150,000 rupees",Garden,,,,Yes,Evening,,Weekends,6:00am - 10:00am;6:00pm - 10:00pm,Less than an hour,Poor,Poor,Fair,Poor,Fair,Poor,Fair,Poor
175,175,Below 15 years,Female,,Saddar,Parks,,Mujeh samandar jana bohot Pasand ha qk waha sukoon bohot ha,,,,,,,,,,,,,,
176,176,Below 15 years,Female,,Gulshan-e-Iqbal,Sea View,Zyada say zyada wahn pr environment ka baray ma instructions board lagain gain,Pasand ha q k whan ka environment acha hota h,,,,,,,,,,,,,,
177,177,Below 15 years,Female,,Gulshan-e-Iqbal,Dreamworld,Pehlay tu environment ko clean kron gi phir wahan boohat c facilities k liyai kaam kron gi jis sy logon ko beach main ana acha lagy because. AAJ all itna kachra hota hai k environment  hi kharaab ho jata hai ,Pasand  hai q k wahan ka environment boohat fresh hota hai ,,,,,,,,,,,,,,
178,178,Below 15 years,Female,,Karachi Cantonment,Sea View,Wahan ki ache se safai krwaenge or washroom bnwaien ge,G han Mujhe Pasand Hai because I love swimming,,,,,,,,,,,,,,
179,179,Below 15 years,Female,,Garden,Sea View,Washrooms bnaungi,Beautiful view,,,,,,,,,,,,,,
180,180,Below 15 years,Female,,Garden,Sea View,Washrooms bnaungi,Beautiful view,,,,,,,,,,,,,,
181,181,Below 15 years,Female,,Gulshan-e-Iqbal,Sea View,,Gi pasand hai kyun kay vahan fresh air hoti hai or environment bhi acha hota hai.,,,,,,,,,,,,,,
182,182,Below 15 years,Female,,Jamshed Quarters,Mubarak village,Yeah! I have provid public washroom and dustbin,Yes I like to go beach because I fill very relex and must more thing I spent my time will my family,,,,,,,,,,,,,,
183,183,Below 15 years,Female,,Gulshan-e-Iqbal,,"I will try my best to make beach Good, I will like to plant a lot of coconut trees there & I will put Dustbins everywhere there so that there is no dirt and I will put umbrellas for shade there to enhance the beauty of the Sea, I will make various arrangements to save the sea from dirty water etc.
And I will come to see the beach every year  so that every problem can be solved immediately ??.",I love sea because I find peace there and  there is only one sea in Pakistan and not every country has an ocean so we are lucky to have it.,,,,,,,,,,,,,,
184,184,Below 15 years,Female,,Garden,Sea View,Safai,,,,,,,,,,,,,,,
185,185,Below 15 years,Female,,Gulshan-e-Iqbal,Sea View,Cleanliness,"Yes,for enjoy",,,,,,,,,,,,,,
186,186,Below 15 years,Female,,Gulshan-e-Iqbal,Pavillion club,Garbage,Samandar hai q kai waha pani hai,,,,,,,,,,,,,,
187,187,Below 15 years,Female,,Jamshed Quarters,Sea View,Main wanhan safai karwaoungi gi kuch restrictions lagaoon gi or shayad kids playing area banaoon,I love to go beach because i love water and i love enjoying in water and rides on camel and love to eat street food just because i am not prefer to much because in karachi beach there is to much garbage and dirtyness.,,,,,,,,,,,,,,
188,188,Below 15 years,Female,,Gulshan-e-Iqbal,,Make public toilet and restaurant ,,,,,,,,,,,,,,,
189,189,Below 15 years,Female,,Garden,"Clifton, Tomb of Quaid, Hill Park, PAF Museum, Portgrand, Kimari, Karachi Zoo",Agr kabhi aisa huwa to me awam ko har sahulat muyassar krungi ,Pasand h q k wahan ja kr hum relax feel krte hain or hum wahan k manazir se lutf andoz hote hain or hame apne allah ka shukr ada krna chahiye k usne hame samandar jaisi khoobsurat naimat se nawaza h,,,,,,,,,,,,,,
190,190,Below 15 years,Female,,Gulshan-e-Iqbal,,Washroom and  restaurants ,,,,,,,,,,,,,,,
191,191,Below 15 years,Female,,Liaquatabad,Clifton ,,G passand hai because enjoyment ky liy,,,,,,,,,,,,,,
192,192,Below 15 years,Female,,Liaquatabad,Clifton ,,G passand hai because enjoyment ky liy,,,,,,,,,,,,,,
193,193,Below 15 years,Female,,Gulshan-e-Iqbal,Sea View,Ager mary pass beshumar paisy hoon to   I clean clifton and I fit the light in hole clifton,I like seaside because I feel peace,,,,,,,,,,,,,,
194,194,Below 15 years,Female,,New Karachi Town,,,Pasand ha q ka va par environment achi ha,,,,,,,,,,,,,,
195,195,Below 15 years,Female,,Garden,Clifton,,Yes i love beaches bcz i enjoyed it place,,,,,,,,,,,,,,
196,196,Below 15 years,Female,,Garden,Parks,Cleanless  kalea ,G pasand ha because waha pa har chez natural hoti ha ,,,,,,,,,,,,,,
197,197,Below 15 years,Female,,Jamshed Quarters,Turtle beach and Portgrand ,Cleanliness and Safety for tourists,"I love to go to Beaches because, walking on sand & watching the waves has an extremely calming effect on me. Just watching the sun go down over the sea is simply breathtaking. It is also a great time for self refection and introspection.",,,,,,,,,,,,,,
198,198,Below 15 years,Female,,Gadap,Sea View,Safai,,,,,,,,,,,,,,,
199,199,Below 15 years,Female,,Jamshed Quarters,Clifton,Mei Clean karo ghi Clifton ko,Mujhe Samandar jaana pasand ha q ka mujhe panic wali jagha bohot pasand ha aur samandar jany mei bohot maza at ha samandar mei hum bohot enjoy krty ha aur bilkul fresh fell krty ha ,,,,,,,,,,,,,,
200,200,Below 15 years,Female,,Korangi,Sea View,Nothing,Mughy samander jana passand h...Q k wahan taza or saff air hoti h...,,,,,,,,,,,,,,
201,201,Below 15 years,Female,,Gulshan-e-Iqbal,Tomb of Quaid ,I will clean it!,G nhi pasand mujhe pani say dar lagta hai,,,,,,,,,,,,,,
202,202,Below 15 years,Female,,Garden,Sea View,Wha par garden bnaoungi ,Yes pasand h ,,,,,,,,,,,,,,
203,203,Below 15 years,Female,,Garden,Sea View,,,,,,,,,,,,,,,,
204,204,Below 15 years,Female,,Garden,Sea View,Mein safai ki surtihal ko behtarr karungiii,I LIKE TO GO ON BEACHES BECAUSE I LOVE WATER. ,,,,,,,,,,,,,,
205,205,Below 15 years,Female,,Lyari,Sea View,Kaafi changes krenge,I like sea sides because in these places we enjoy alot,,,,,,,,,,,,,,
206,206,Below 15 years,Female,,Garden,,,,,,,,,,,,,,,,,
207,207,Below 15 years,Female,,Garden,,,,,,,,,,,,,,,,,
208,208,Below 15 years,Female,,Gulshan-e-Iqbal,Sea View,Wesy to main aford nahi karsaktie lekin agar meray oass beshumar paisay hotay main wahan par dheer sary garbig box rakhti aur wahann par benchies lagati takey log aram sy beth sakhay you know kch lag zameen par nahi beth saktay,Moujhy samndar jana bht pasand hai q key moujhy wHan ja kar jo mazah aata hai wo kahein nahi aata,,,,,,,,,,,,,,
209,209,Below 15 years,Female,,Garden,Clifton,Garbage ki safai.,"G, per ziyada nahi, family k Sath jate hein to tafreeh hojati hai.",,,,,,,,,,,,,,
210,210,Below 15 years,Female,,Jamshed Quarters,Portgrand,Wahan ki safai k liyey 1 department bnwaeingy Jo safai ka khaas khyal rkheingy ,"Passnd h q k family k sth wahan bht acha Time guzrta h or enjoy krty hein
",,,,,,,,,,,,,,
211,211,Below 15 years,Female,,Garden,Clifton,Safai ka khas intezam karungi or gundgi phelane or khacha idher udher phenkne par fine lahaongi ,Han pasand hai kion k kafi enjoyment karne ko milti hai or cliften ghumne or tafreeh k liye achi jaga hai,,,,,,,,,,,,,,
212,212,Below 15 years,Female,,Garden,Clifton,Dosben le gay,G passand h q k wo bht beautiful hota ha,,,,,,,,,,,,,,
213,213,25 - 44 years,Male,"200,001 and above",Ferozabad,,,,,,,,,,,,,,,,,
214,214,25 - 44 years,Male,"200,001 and above",Clifton Cantonment,,,,,,,,,,,,,,,,,
215,215,25 - 44 years,Male,"75,001 - 100,000 rupees",Civil Lines,,,,,,,,,,,,,,,,,
216,216,25 - 44 years,Female,Prefer not to answer,Outside Karachi,,,,,,,,,,,,,,,,,
217,217,15 - 24 years,Male,Prefer not to answer,Gulshan-e-Iqbal,,,,,,,,,,,,,,,,,
218,218,25 - 44 years,Male,"175,000 - 200,000 rupees",Clifton Cantonment,,,,,,,,,,,,,,,,,
219,219,25 - 44 years,Female,"125,001 - 150,000 rupees",North Nazimabad Town,,,,,,,,,,,,,,,,,
220,220,25 - 44 years,Female,"200,001 and above",Clifton Cantonment,,,,,,,,,,,,,,,,,
221,221,25 - 44 years,Female,"175,000 - 200,000 rupees",Ferozabad,,,,,,,,,,,,,,,,,
222,222,15 - 24 years,Prefer not to answer,"125,001 - 150,000 rupees",Clifton Cantonment,,,,,,,,,,,,,,,,,
223,223,25 - 44 years,Female,"50,001 - 75,000 rupees",Clifton Cantonment,,,,,,,,,,,,,,,,,
224,224,45 years and above,Male,"100,001 - 125,000 rupees",Malir Cantonment,,,,,,,,,,,,,,,,,
225,225,25 - 44 years,Female,"200,001 and above",Clifton Cantonment,,,,,,,,,,,,,,,,,
226,226,15 - 24 years,Male,"50,001 - 75,000 rupees",Jamshed Quarters,,,,,,,,,,,,,,,,,
227,227,15 - 24 years,Female,"100,001 - 125,000 rupees",Gulshan-e-Iqbal,,,,,,,,,,,,,,,,,
228,228,25 - 44 years,Male,"200,001 and above",Clifton Cantonment,,,,,,,,,,,,,,,,,
229,229,15 - 24 years,Male,"200,001 and above",Faisal Cantonment,,,,,,,,,,,,,,,,,
230,230,15 - 24 years,Male,"100,001 - 125,000 rupees",Airport,,,,,,,,,,,,,,,,,
231,231,15 - 24 years,Female,"200,001 and above",North Nazimabad Town,,,,,,,,,,,,,,,,,
232,232,25 - 44 years,Male,"200,001 and above",Shah Faisal,,,,,,,,,,,,,,,,,
233,233,25 - 44 years,Male,"150,001 - 175,000 rupees",Clifton Cantonment,,,,,,,,,,,,,,,,,
234,234,25 - 44 years,Male,"200,001 and above",Clifton Cantonment,,,,,,,,,,,,,,,,,
235,235,25 - 44 years,Male,"200,001 and above",North Nazimabad Town,,,,,,,,,,,,,,,,,
236,236,25 - 44 years,Female,Prefer not to answer,Gulshan-e-Iqbal,,,,,,,,,,,,,,,,,
237,237,15 - 24 years,Female,Prefer not to answer,Gulshan-e-Iqbal,,,,,,,,,,,,,,,,,
238,238,15 - 24 years,Male,"125,001 - 150,000 rupees",Faisal Cantonment,,,,,,,,,,,,,,,,,
239,239,15 - 24 years,Male,"100,001 - 125,000 rupees",New Karachi Town,,,,,,,,,,,,,,,,,
240,240,15 - 24 years,Female,"100,001 - 125,000 rupees",Gulshan-e-Iqbal,,,,,,,,,,,,,,,,,
241,241,25 - 44 years,Female,"50,001 - 75,000 rupees",Faisal Cantonment,,,,,,,,,,,,,,,,,
242,242,25 - 44 years,Male,"200,001 and above",Clifton Cantonment,,,,,,,,,,,,,,,,,
243,243,25 - 44 years,Male,"200,001 and above",Clifton Cantonment,,,,,,,,,,,,,,,,,
244,244,25 - 44 years,Male,"200,001 and above",Outside Karachi,,,,,,,,,,,,,,,,,
245,245,25 - 44 years,Male,"100,001 - 125,000 rupees",Clifton Cantonment,,,,,,,,,,,,,,,,,
246,246,25 - 44 years,Female,"200,001 and above",Clifton Cantonment,,,,,,,,,,,,,,,,,
247,247,25 - 44 years,Female,"200,001 and above",Gulshan-e-Iqbal,,,,,,,,,,,,,,,,,
248,248,45 years and above,Female,"175,000 - 200,000 rupees",Clifton Cantonment,,,,,,,,,,,,,,,,,
249,249,25 - 44 years,Female,"200,001 and above",North Nazimabad Town,,,,,,,,,,,,,,,,,
250,250,15 - 24 years,Male,"75,001 - 100,000 rupees",Outside Karachi,,,,,,,,,,,,,,,,,
251,251,25 - 44 years,Male,"200,001 and above",Gulshan-e-Iqbal,,,,,,,,,,,,,,,,,
252,252,25 - 44 years,Female,"200,001 and above",Outside Karachi,,,,,,,,,,,,,,,,,
253,253,25 - 44 years,Female,"200,001 and above",North Nazimabad Town,,,,,,,,,,,,,,,,,
254,254,45 years and above,Male,"150,001 - 175,000 rupees",Clifton Cantonment,,,,,,,,,,,,,,,,,
255,255,25 - 44 years,Male,Prefer not to answer,Nazimabad,,,,,,,,,,,,,,,,,
256,256,25 - 44 years,Male,"75,001 - 100,000 rupees",Garden,,,,,,,,,,,,,,,,,
257,257,25 - 44 years,Male,"200,001 and above",Clifton Cantonment,,,,,,,,,,,,,,,,,
258,258,45 years and above,Female,Prefer not to answer,Gulshan-e-Iqbal,,,,,,,,,,,,,,,,,
259,259,25 - 44 years,Male,"200,001 and above",North Nazimabad Town,,,,,,,,,,,,,,,,,
260,260,45 years and above,Female,"75,001 - 100,000 rupees",,,,,,,,,,,,,,,,,,
261,261,45 years and above,Male,"125,001 - 150,000 rupees",North Nazimabad Town,,,,,,,,,,,,,,,,,
262,262,45 years and above,Male,"200,001 and above",North Nazimabad Town,,,,,,,,,,,,,,,,,
263,263,25 - 44 years,Male,"200,001 and above",Clifton Cantonment,,,,,,,,,,,,,,,,,
264,264,45 years and above,Male,"50,001 - 75,000 rupees",Gulshan-e-Iqbal,,,,,,,,,,,,,,,,,
265,265,25 - 44 years,Female,"150,001 - 175,000 rupees",Gulberg,,,,,,,,,,,,,,,,,
266,266,25 - 44 years,Female,"200,001 and above",Outside Karachi,,,,,,,,,,,,,,,,,
267,267,45 years and above,Male,"200,001 and above",Clifton Cantonment,,,,,,,,,,,,,,,,,
268,268,25 - 44 years,Female,"200,001 and above",Ferozabad,,,,,,,,,,,,,,,,,
269,269,25 - 44 years,Male,"100,001 - 125,000 rupees",Malir Cantonment,,,,,,,,,,,,,,,,,
270,270,25 - 44 years,Female,"175,000 - 200,000 rupees",Korangi,,,,,,,,,,,,,,,,,
271,271,15 - 24 years,Male,"100,001 - 125,000 rupees",Gulshan-e-Iqbal,,,,,,,,,,,,,,,,,
272,272,15 - 24 years,Female,"125,001 - 150,000 rupees",Outside Karachi,,,,,,,,,,,,,,,,,
273,273,15 - 24 years,Male,"175,000 - 200,000 rupees",Shah Faisal,,,,,,,,,,,,,,,,,
274,274,15 - 24 years,Male,"200,001 and above",North Nazimabad Town,,,,,,,,,,,,,,,,,
275,275,45 years and above,Male,"200,001 and above",Saddar,,,,,,,,,,,,,,,,,
276,276,25 - 44 years,Male,"200,001 and above",,,,,,,,,,,,,,,,,,
277,277,25 - 44 years,Male,"50,001 - 75,000 rupees",Gulshan-e-Iqbal,,,,,,,,,,,,,,,,,
278,278,25 - 44 years,Male,"100,001 - 125,000 rupees",Gulzar-e-Hijri,,,,,,,,,,,,,,,,,
279,279,25 - 44 years,Male,"200,001 and above",Clifton Cantonment,,,,,,,,,,,,,,,,,
280,280,15 - 24 years,Male,"50,001 - 75,000 rupees",Gulshan-e-Iqbal,,,,,,,,,,,,,,,,,
281,281,15 - 24 years,Female,"150,001 - 175,000 rupees",Gulshan-e-Iqbal,,,,,,,,,,,,,,,,,
282,282,25 - 44 years,Female,"50,001 - 75,000 rupees",North Nazimabad Town,,,,,,,,,,,,,,,,,
283,283,45 years and above,Male,"125,001 - 150,000 rupees",Clifton Cantonment,,,,,,,,,,,,,,,,,
284,284,15 - 24 years,Female,"75,001 - 100,000 rupees",Ferozabad,,,,,,,,,,,,,,,,,
285,285,25 - 44 years,Male,"50,001 - 75,000 rupees",Civil Lines,,,,,,,,,,,,,,,,,
286,286,25 - 44 years,Male,"200,001 and above",Outside Karachi,,,,,,,,,,,,,,,,,
287,287,25 - 44 years,Female,"200,001 and above",Karachi Cantonment,,,,,,,,,,,,,,,,,
288,288,25 - 44 years,Female,"200,001 and above",Gulshan-e-Iqbal,,,,,,,,,,,,,,,,,
289,289,15 - 24 years,Female,"200,001 and above",Gulshan-e-Iqbal,,,,,,,,,,,,,,,,,
290,290,25 - 44 years,Male,"200,001 and above",Gulshan-e-Iqbal,,,,,,,,,,,,,,,,,
291,291,25 - 44 years,Male,"125,001 - 150,000 rupees",Gulzar-e-Hijri,,,,,,,,,,,,,,,,,
292,292,25 - 44 years,Female,"200,001 and above",Gulberg,,,,,,,,,,,,,,,,,
293,293,25 - 44 years,Female,"175,000 - 200,000 rupees",Saddar,,,,,,,,,,,,,,,,,
294,294,25 - 44 years,Female,Prefer not to answer,Civil Lines,,,,,,,,,,,,,,,,,
295,295,25 - 44 years,Male,"100,001 - 125,000 rupees",Malir Cantonment,,,,,,,,,,,,,,,,,
296,296,25 - 44 years,Female,Prefer not to answer,Faisal Cantonment,,,,,,,,,,,,,,,,,
297,297,25 - 44 years,Female,"200,001 and above",Clifton Cantonment,,,,,,,,,,,,,,,,,
298,298,25 - 44 years,Male,"200,001 and above",Clifton Cantonment,,,,,,,,,,,,,,,,,
299,299,25 - 44 years,Male,"200,001 and above",Malir Cantonment,,,,,,,,,,,,,,,,,
300,300,45 years and above,Male,"175,000 - 200,000 rupees",Clifton Cantonment,,,,,,,,,,,,,,,,,
301,301,25 - 44 years,Male,"50,001 - 75,000 rupees",Gulshan-e-Iqbal,,,,,,,,,,,,,,,,,
302,302,25 - 44 years,Female,"200,001 and above",Jamshed Quarters,,,,,,,,,,,,,,,,,
303,303,25 - 44 years,Female,"125,001 - 150,000 rupees",North Nazimabad Town,,,,,,,,,,,,,,,,,
304,304,25 - 44 years,Female,"200,001 and above",Gulshan-e-Iqbal,,,,,,,,,,,,,,,,,
305,305,25 - 44 years,Prefer not to answer,"25,001 - 50,000 rupees",Clifton Cantonment,,,,,,,,,,,,,,,,,
306,306,25 - 44 years,Female,"200,001 and above",Clifton Cantonment,,,,,,,,,,,,,,,,,
307,307,15 - 24 years,Male,Prefer not to answer,Orangi,,,,,,,,,,,,,,,,,
308,308,15 - 24 years,Female,"100,001 - 125,000 rupees",Liaquatabad,,,,,,,,,,,,,,,,,
309,309,25 - 44 years,Male,"Up to 25,000 rupees",Clifton Cantonment,,,,,,,,,,,,,,,,,
310,310,15 - 24 years,Female,"175,000 - 200,000 rupees",Garden,,,,,,,,,,,,,,,,,
311,311,25 - 44 years,Male,"175,000 - 200,000 rupees",Clifton Cantonment,,,,,,,,,,,,,,,,,
312,312,25 - 44 years,Female,"150,001 - 175,000 rupees",Gulshan-e-Iqbal,,,,,,,,,,,,,,,,,
313,313,25 - 44 years,Male,"100,001 - 125,000 rupees",Outside Karachi,,,,,,,,,,,,,,,,,
314,314,15 - 24 years,Male,"150,001 - 175,000 rupees",Gulberg,,,,,,,,,,,,,,,,,
315,315,25 - 44 years,Male,"150,001 - 175,000 rupees",Gulshan-e-Iqbal,,,,,,,,,,,,,,,,,
316,316,15 - 24 years,Male,"200,001 and above",Nazimabad,,,,,,,,,,,,,,,,,
317,317,15 - 24 years,Female,"200,001 and above",Garden,,,,,,,,,,,,,,,,,
318,318,15 - 24 years,Male,"150,001 - 175,000 rupees",Gulshan-e-Iqbal,,,,,,,,,,,,,,,,,
319,319,15 - 24 years,Male,"125,001 - 150,000 rupees",Gulshan-e-Iqbal,,,,,,,,,,,,,,,,,
320,320,15 - 24 years,Female,"75,001 - 100,000 rupees",Gulshan-e-Iqbal,,,,,,,,,,,,,,,,,
321,321,15 - 24 years,Male,"175,000 - 200,000 rupees",Nazimabad,,,,,,,,,,,,,,,,,
322,322,25 - 44 years,Female,"75,001 - 100,000 rupees",Faisal Cantonment,,,,,,,,,,,,,,,,,
323,323,25 - 44 years,Female,"75,001 - 100,000 rupees",Ferozabad,,,,,,,,,,,,,,,,,
324,324,25 - 44 years,Female,"50,001 - 75,000 rupees",Gulshan-e-Iqbal,,,,,,,,,,,,,,,,,
325,325,15 - 24 years,Male,"50,001 - 75,000 rupees",North Nazimabad Town,,,,,,,,,,,,,,,,,
326,326,15 - 24 years,Female,Prefer not to answer,North Nazimabad Town,,,,,,,,,,,,,,,,,
327,327,15 - 24 years,Male,"75,001 - 100,000 rupees",Liaquatabad,,,,,,,,,,,,,,,,,
328,328,25 - 44 years,Female,"200,001 and above",Clifton Cantonment,,,,,,,,,,,,,,,,,
329,329,25 - 44 years,Female,Prefer not to answer,Clifton Cantonment,,,,,,,,,,,,,,,,,
330,330,25 - 44 years,Male,"150,001 - 175,000 rupees",Clifton Cantonment,,,,,,,,,,,,,,,,,
331,331,25 - 44 years,Female,"200,001 and above",Clifton Cantonment,,,,,,,,,,,,,,,,,
332,332,15 - 24 years,Male,"200,001 and above",Clifton Cantonment,,,,,,,,,,,,,,,,,
333,333,15 - 24 years,Female,Prefer not to answer,,,,,,,,,,,,,,,,,,
334,334,15 - 24 years,Female,Prefer not to answer,New Karachi Town,,,,,,,,,,,,,,,,,
335,335,15 - 24 years,Male,"200,001 and above",Malir Cantonment,,,,,,,,,,,,,,,,,
336,336,15 - 24 years,Female,"50,001 - 75,000 rupees",Gulshan-e-Iqbal,,,,,,,,,,,,,,,,,
337,337,25 - 44 years,Female,"150,001 - 175,000 rupees",Clifton Cantonment,,,,,,,,,,,,,,,,,
338,338,25 - 44 years,Male,"Up to 25,000 rupees",Korangi,,,,,,,,,,,,,,,,,
339,339,15 - 24 years,Male,"125,001 - 150,000 rupees",Outside Karachi,,,,,,,,,,,,,,,,,
340,340,15 - 24 years,Male,"50,001 - 75,000 rupees",Clifton Cantonment,,,,,,,,,,,,,,,,,
341,341,25 - 44 years,Male,"200,001 and above",Clifton Cantonment,,,,,,,,,,,,,,,,,
342,342,25 - 44 years,Female,"200,001 and above",Gulshan-e-Iqbal,,,,,,,,,,,,,,,,,
343,343,25 - 44 years,Male,Prefer not to answer,Outside Karachi,,,,,,,,,,,,,,,,,
344,344,25 - 44 years,Female,Prefer not to answer,Clifton Cantonment,,,,,,,,,,,,,,,,,
345,345,45 years and above,Male,"200,001 and above",Faisal Cantonment,,,,,,,,,,,,,,,,,
346,346,25 - 44 years,Male,"100,001 - 125,000 rupees",North Nazimabad Town,,,,,,,,,,,,,,,,,
347,347,25 - 44 years,Female,"175,000 - 200,000 rupees",Gulshan-e-Iqbal,,,,,,,,,,,,,,,,,
348,348,25 - 44 years,Female,"200,001 and above",North Nazimabad Town,,,,,,,,,,,,,,,,,
349,349,15 - 24 years,Male,"200,001 and above",Outside Karachi,,,,,,,,,,,,,,,,,
350,350,15 - 24 years,Male,"200,001 and above",Outside Karachi,,,,,,,,,,,,,,,,,
351,351,15 - 24 years,Female,"175,000 - 200,000 rupees",Clifton Cantonment,,,,,,,,,,,,,,,,,
352,352,15 - 24 years,Female,"25,001 - 50,000 rupees",Gulshan-e-Iqbal,,,,,,,,,,,,,,,,,
353,353,15 - 24 years,Female,"125,001 - 150,000 rupees",Gulshan-e-Iqbal,,,,,,,,,,,,,,,,,
354,354,15 - 24 years,Female,"200,001 and above",Gulshan-e-Iqbal,,,,,,,,,,,,,,,,,
355,355,15 - 24 years,Female,Prefer not to answer,Gulshan-e-Iqbal,,,,,,,,,,,,,,,,,
356,356,15 - 24 years,Male,"Up to 25,000 rupees",Gulshan-e-Iqbal,,,,,,,,,,,,,,,,,
357,357,15 - 24 years,Prefer not to answer,"25,001 - 50,000 rupees",Lyari,,,,,,,,,,,,,,,,,
358,358,15 - 24 years,Female,"75,001 - 100,000 rupees",Jamshed Quarters,,,,,,,,,,,,,,,,,
359,359,15 - 24 years,Female,Prefer not to answer,Saddar,,,,,,,,,,,,,,,,,
360,360,15 - 24 years,Female,"100,001 - 125,000 rupees",Malir Cantonment,,,,,,,,,,,,,,,,,
361,361,15 - 24 years,Female,"75,001 - 100,000 rupees",Jamshed Quarters,,,,,,,,,,,,,,,,,
362,362,15 - 24 years,Male,"25,001 - 50,000 rupees",Gulshan-e-Iqbal,,,,,,,,,,,,,,,,,
363,363,15 - 24 years,Male,"75,001 - 100,000 rupees",Saddar,,,,,,,,,,,,,,,,,
364,364,15 - 24 years,Male,"50,001 - 75,000 rupees",Mauripur,,,,,,,,,,,,,,,,,
365,365,15 - 24 years,Female,"50,001 - 75,000 rupees",North Nazimabad Town,,,,,,,,,,,,,,,,,
366,366,15 - 24 years,Male,"125,001 - 150,000 rupees",Saddar,,,,,,,,,,,,,,,,,
367,367,15 - 24 years,Female,Prefer not to answer,Outside Karachi,,,,,,,,,,,,,,,,,
368,368,15 - 24 years,Female,"100,001 - 125,000 rupees",Gulshan-e-Iqbal,,,,,,,,,,,,,,,,,
369,369,15 - 24 years,Female,Prefer not to answer,North Nazimabad Town,,,,,,,,,,,,,,,,,
370,370,15 - 24 years,Female,"75,001 - 100,000 rupees",Gulshan-e-Iqbal,,,,,,,,,,,,,,,,,
371,371,15 - 24 years,Female,Prefer not to answer,Gulshan-e-Iqbal,,,,,,,,,,,,,,,,,
372,372,25 - 44 years,Male,"100,001 - 125,000 rupees",Landhi,,,,,,,,,,,,,,,,,
373,373,15 - 24 years,Female,"25,001 - 50,000 rupees",Garden,,,,,,,,,,,,,,,,,
374,374,15 - 24 years,Male,Prefer not to answer,Gulberg,,,,,,,,,,,,,,,,,
375,375,15 - 24 years,Female,"75,001 - 100,000 rupees",Malir Cantonment,,,,,,,,,,,,,,,,,
376,376,15 - 24 years,Female,"50,001 - 75,000 rupees",Jamshed Quarters,,,,,,,,,,,,,,,,,
377,377,15 - 24 years,Female,"25,001 - 50,000 rupees",Sindh Industrial Trading Estate (SITE),,,,,,,,,,,,,,,,,
378,378,15 - 24 years,Female,"100,001 - 125,000 rupees",Model Colony,,,,,,,,,,,,,,,,,
379,379,15 - 24 years,Female,"150,001 - 175,000 rupees",Gulshan-e-Iqbal,,,,,,,,,,,,,,,,,
380,380,15 - 24 years,Female,"200,001 and above",Gulshan-e-Iqbal,,,,,,,,,,,,,,,,,
381,381,15 - 24 years,Female,"125,001 - 150,000 rupees",Jamshed Quarters,,,,,,,,,,,,,,,,,
382,382,15 - 24 years,Female,"150,001 - 175,000 rupees",Gulshan-e-Iqbal,,,,,,,,,,,,,,,,,
383,383,25 - 44 years,Male,"75,001 - 100,000 rupees",Nazimabad,,,,,,,,,,,,,,,,,
384,384,15 - 24 years,Female,"125,001 - 150,000 rupees",Jamshed Quarters,,,,,,,,,,,,,,,,,
385,385,25 - 44 years,Male,"200,001 and above",North Nazimabad Town,,,,,,,,,,,,,,,,,
386,386,25 - 44 years,Female,Prefer not to answer,Clifton Cantonment,,,,,,,,,,,,,,,,,
387,387,25 - 44 years,Male,Prefer not to answer,Shah Faisal,,,,,,,,,,,,,,,,,
388,388,Below 15 years,Female,Prefer not to answer,Clifton Cantonment,,,,,,,,,,,,,,,,,
389,389,15 - 24 years,Female,"200,001 and above",North Nazimabad Town,,,,,,,,,,,,,,,,,
390,390,15 - 24 years,Male,"200,001 and above",Clifton Cantonment,,,,,,,,,,,,,,,,,
391,391,25 - 44 years,Female,Prefer not to answer,,,,,,,,,,,,,,,,,,
392,392,15 - 24 years,Female,"50,001 - 75,000 rupees",Ferozabad,,,,,,,,,,,,,,,,,
393,393,15 - 24 years,Female,Prefer not to answer,,,,,,,,,,,,,,,,,,
394,394,15 - 24 years,Female,Prefer not to answer,Korangi Creek Cantonment,,,,,,,,,,,,,,,,,
395,395,25 - 44 years,Male,"200,001 and above",Outside Karachi,,,,,,,,,,,,,,,,,
396,396,45 years and above,Male,"200,001 and above",North Nazimabad Town,,,,,,,,,,,,,,,,,
397,397,25 - 44 years,Male,"200,001 and above",Clifton Cantonment,,,,,,,,,,,,,,,,,
398,398,45 years and above,Male,"200,001 and above",Clifton Cantonment,,,,,,,,,,,,,,,,,
399,399,25 - 44 years,Male,"200,001 and above",Clifton Cantonment,,,,,,,,,,,,,,,,,
400,400,45 years and above,Male,"200,001 and above",Clifton Cantonment,,,,,,,,,,,,,,,,,
401,401,45 years and above,Male,"200,001 and above",,,,,,,,,,,,,,,,,,
402,402,Below 15 years,Female,Prefer not to answer,Clifton Cantonment,,,,,,,,,,,,,,,,,
403,403,45 years and above,Male,"200,001 and above",North Nazimabad Town,,,,,,,,,,,,,,,,,
404,404,25 - 44 years,Male,"200,001 and above",Outside Karachi,,,,,,,,,,,,,,,,,
405,405,15 - 24 years,Male,"200,001 and above",Gulshan-e-Iqbal,,,,,,,,,,,,,,,,,
406,406,25 - 44 years,Male,"200,001 and above",Outside Karachi,,,,,,,,,,,,,,,,,
407,407,25 - 44 years,Female,"100,001 - 125,000 rupees",Clifton Cantonment,,,,,,,,,,,,,,,,,
408,408,25 - 44 years,Female,"200,001 and above",Clifton Cantonment,,,,,,,,,,,,,,,,,
409,409,25 - 44 years,Male,Prefer not to answer,Clifton Cantonment,,,,,,,,,,,,,,,,,
410,410,45 years and above,Female,Prefer not to answer,Ferozabad,,,,,,,,,,,,,,,,,
411,411,25 - 44 years,Male,"200,001 and above",Clifton Cantonment,,,,,,,,,,,,,,,,,
412,412,25 - 44 years,Male,"200,001 and above",Civil Lines,,,,,,,,,,,,,,,,,
413,413,25 - 44 years,Female,Prefer not to answer,Shah Faisal,,,,,,,,,,,,,,,,,
414,414,25 - 44 years,Female,"200,001 and above",Clifton Cantonment,,,,,,,,,,,,,,,,,
415,415,25 - 44 years,Female,"100,001 - 125,000 rupees",Clifton Cantonment,,,,,,,,,,,,,,,,,
416,416,15 - 24 years,Female,"75,001 - 100,000 rupees",Gulshan-e-Iqbal,,,,,,,,,,,,,,,,,
417,417,25 - 44 years,Female,"200,001 and above",Karachi Cantonment,,,,,,,,,,,,,,,,,
418,418,15 - 24 years,Male,"200,001 and above",Gulshan-e-Iqbal,,,,,,,,,,,,,,,,,
419,419,15 - 24 years,Female,"125,001 - 150,000 rupees",Civil Lines,,,,,,,,,,,,,,,,,
420,420,15 - 24 years,Female,"200,001 and above",Clifton Cantonment,,,,,,,,,,,,,,,,,
421,421,25 - 44 years,Female,"200,001 and above",Clifton Cantonment,,,,,,,,,,,,,,,,,
422,422,15 - 24 years,Female,"200,001 and above",Gulshan-e-Iqbal,,,,,,,,,,,,,,,,,
423,423,25 - 44 years,Female,"100,001 - 125,000 rupees",Clifton Cantonment,,,,,,,,,,,,,,,,,
424,424,25 - 44 years,Female,"175,000 - 200,000 rupees",Clifton Cantonment,,,,,,,,,,,,,,,,,
425,425,15 - 24 years,Prefer not to answer,"200,001 and above",Gulshan-e-Iqbal,,,,,,,,,,,,,,,,,
426,426,25 - 44 years,Female,"50,001 - 75,000 rupees",Jamshed Quarters,,,,,,,,,,,,,,,,,
427,427,15 - 24 years,Female,"175,000 - 200,000 rupees",Clifton Cantonment,,,,,,,,,,,,,,,,,
428,428,25 - 44 years,Male,"100,001 - 125,000 rupees",Clifton Cantonment,,,,,,,,,,,,,,,,,
429,429,45 years and above,Male,,Outside Karachi,,,,,,,,,,,,,,,,,
430,430,25 - 44 years,Male,"25,001 - 50,000 rupees",North Nazimabad Town,,,,,,,,,,,,,,,,,
431,431,25 - 44 years,Male,"200,001 and above",Outside Karachi,,,,,,,,,,,,,,,,,
432,432,25 - 44 years,Female,"125,001 - 150,000 rupees",Clifton Cantonment,,,,,,,,,,,,,,,,,
433,433,15 - 24 years,Female,Prefer not to answer,Bin Qasim,,,,,,,,,,,,,,,,,
434,434,15 - 24 years,Female,"125,001 - 150,000 rupees",Nazimabad,,,,,,,,,,,,,,,,,
435,435,25 - 44 years,Male,"175,000 - 200,000 rupees",Garden,,,,,,,,,,,,,,,,,
436,436,15 - 24 years,Female,Prefer not to answer,Ferozabad,,,,,,,,,,,,,,,,,
437,437,15 - 24 years,Female,"200,001 and above",Civil Lines,,,,,,,,,,,,,,,,,
438,438,15 - 24 years,Female,"125,001 - 150,000 rupees",Shah Faisal,,,,,,,,,,,,,,,,,
439,439,15 - 24 years,Male,"75,001 - 100,000 rupees",Gulshan-e-Iqbal,,,,,,,,,,,,,,,,,
440,440,25 - 44 years,Male,"200,001 and above",Clifton Cantonment,,,,,,,,,,,,,,,,,
441,441,25 - 44 years,Female,"200,001 and above",Clifton Cantonment,,,,,,,,,,,,,,,,,
442,442,15 - 24 years,Female,"175,000 - 200,000 rupees",Clifton Cantonment,,,,,,,,,,,,,,,,,
443,443,15 - 24 years,Male,"50,001 - 75,000 rupees",Gulshan-e-Iqbal,,,,,,,,,,,,,,,,,
444,444,15 - 24 years,Female,"200,001 and above",Clifton Cantonment,,,,,,,,,,,,,,,,,
445,445,15 - 24 years,Male,"200,001 and above",Clifton Cantonment,,,,,,,,,,,,,,,,,
446,446,15 - 24 years,Male,"125,001 - 150,000 rupees",Gulshan-e-Iqbal,,,,,,,,,,,,,,,,,
447,447,25 - 44 years,Female,"200,001 and above",Clifton Cantonment,,,,,,,,,,,,,,,,,
448,448,15 - 24 years,Female,"150,001 - 175,000 rupees",North Nazimabad Town,,,,,,,,,,,,,,,,,
449,449,25 - 44 years,Female,"200,001 and above",Clifton Cantonment,,,,,,,,,,,,,,,,,
450,450,25 - 44 years,Male,Prefer not to answer,Ferozabad,,,,,,,,,,,,,,,,,
451,451,25 - 44 years,Female,"75,001 - 100,000 rupees",Clifton Cantonment,,,,,,,,,,,,,,,,,
452,452,25 - 44 years,Male,"200,001 and above",Clifton Cantonment,,,,,,,,,,,,,,,,,
453,453,45 years and above,Female,"200,001 and above",Clifton Cantonment,,,,,,,,,,,,,,,,,
454,454,15 - 24 years,Female,"150,001 - 175,000 rupees",North Nazimabad Town,,,,,,,,,,,,,,,,,
455,455,15 - 24 years,Male,"200,001 and above",Clifton Cantonment,,,,,,,,,,,,,,,,,
456,456,25 - 44 years,Male,"200,001 and above",Civil Lines,,,,,,,,,,,,,,,,,
457,457,15 - 24 years,Prefer not to answer,"200,001 and above",Outside Karachi,,,,,,,,,,,,,,,,,
458,458,25 - 44 years,Female,"200,001 and above",Civil Lines,,,,,,,,,,,,,,,,,
459,459,25 - 44 years,Female,"200,001 and above",Clifton Cantonment,,,,,,,,,,,,,,,,,
460,460,25 - 44 years,Female,"200,001 and above",Clifton Cantonment,,,,,,,,,,,,,,,,,
461,461,15 - 24 years,Male,"100,001 - 125,000 rupees",Gulshan-e-Iqbal,,,,,,,,,,,,,,,,,
462,462,15 - 24 years,Male,"25,001 - 50,000 rupees",Gulzar-e-Hijri,,,,,,,,,,,,,,,,,
463,463,15 - 24 years,Female,"200,001 and above",Gulzar-e-Hijri,,,,,,,,,,,,,,,,,
464,464,15 - 24 years,Male,"200,001 and above",Clifton Cantonment,,,,,,,,,,,,,,,,,
465,465,15 - 24 years,Female,"175,000 - 200,000 rupees",Clifton Cantonment,,,,,,,,,,,,,,,,,
466,466,25 - 44 years,Female,"50,001 - 75,000 rupees",Clifton Cantonment,,,,,,,,,,,,,,,,,
467,467,25 - 44 years,Female,"200,001 and above",,,,,,,,,,,,,,,,,,
468,468,25 - 44 years,Male,"Up to 25,000 rupees",Outside Karachi,,,,,,,,,,,,,,,,,
469,469,25 - 44 years,Female,"200,001 and above",Gulshan-e-Iqbal,,,,,,,,,,,,,,,,,
470,470,15 - 24 years,Male,"50,001 - 75,000 rupees",,,,,,,,,,,,,,,,,,
471,471,25 - 44 years,Male,"100,001 - 125,000 rupees",Civil Lines,,,,,,,,,,,,,,,,,
472,472,25 - 44 years,Female,"50,001 - 75,000 rupees",Gulshan-e-Iqbal,,,,,,,,,,,,,,,,,
473,473,25 - 44 years,Male,Prefer not to answer,Clifton Cantonment,,,,,,,,,,,,,,,,,
474,474,15 - 24 years,Female,"100,001 - 125,000 rupees",Clifton Cantonment,,,,,,,,,,,,,,,,,
475,475,15 - 24 years,Female,"50,001 - 75,000 rupees",Gulshan-e-Iqbal,,,,,,,,,,,,,,,,,
476,476,15 - 24 years,Female,"50,001 - 75,000 rupees",Jamshed Quarters,,,,,,,,,,,,,,,,,
477,477,15 - 24 years,Male,"Up to 25,000 rupees",North Nazimabad Town,,,,,,,,,,,,,,,,,
478,478,25 - 44 years,Male,"200,001 and above",Clifton Cantonment,,,,,,,,,,,,,,,,,
479,479,15 - 24 years,Female,"200,001 and above",Faisal Cantonment,,,,,,,,,,,,,,,,,
480,480,15 - 24 years,Male,"100,001 - 125,000 rupees",Garden,,,,,,,,,,,,,,,,,
481,481,25 - 44 years,Female,"200,001 and above",Clifton Cantonment,,,,,,,,,,,,,,,,,
482,482,15 - 24 years,Female,"200,001 and above",Malir Cantonment,,,,,,,,,,,,,,,,,
483,483,25 - 44 years,Male,"100,001 - 125,000 rupees",Clifton Cantonment,,,,,,,,,,,,,,,,,
484,484,25 - 44 years,Male,"25,001 - 50,000 rupees",Gulshan-e-Iqbal,,,,,,,,,,,,,,,,,
485,485,25 - 44 years,Male,"50,001 - 75,000 rupees",Karachi Cantonment,,,,,,,,,,,,,,,,,
486,486,25 - 44 years,Female,"200,001 and above",Clifton Cantonment,,,,,,,,,,,,,,,,,
487,487,25 - 44 years,Male,"200,001 and above",Gulshan-e-Iqbal,,,,,,,,,,,,,,,,,
488,488,25 - 44 years,Male,"Up to 25,000 rupees",Gulzar-e-Hijri,,,,,,,,,,,,,,,,,
489,489,45 years and above,Male,"200,001 and above",Gulshan-e-Iqbal,,,,,,,,,,,,,,,,,
490,490,25 - 44 years,Female,"200,001 and above",Outside Karachi,,,,,,,,,,,,,,,,,
491,491,15 - 24 years,Female,"200,001 and above",Gulberg,,,,,,,,,,,,,,,,,
492,492,25 - 44 years,Male,"125,001 - 150,000 rupees",Garden,,,,,,,,,,,,,,,,,
493,493,25 - 44 years,Male,"100,001 - 125,000 rupees",Model Colony,,,,,,,,,,,,,,,,,
494,494,25 - 44 years,Female,"200,001 and above",Clifton Cantonment,,,,,,,,,,,,,,,,,
495,495,25 - 44 years,Male,"200,001 and above",Clifton Cantonment,,,,,,,,,,,,,,,,,
496,496,25 - 44 years,Male,"200,001 and above",Bin Qasim,,,,,,,,,,,,,,,,,
497,497,45 years and above,Female,Prefer not to answer,Clifton Cantonment,,,,,,,,,,,,,,,,,
498,498,15 - 24 years,Male,"25,001 - 50,000 rupees",Korangi,,,,,,,,,,,,,,,,,
499,499,25 - 44 years,Female,"200,001 and above",Clifton Cantonment,,,,,,,,,,,,,,,,,
500,500,25 - 44 years,Male,"175,000 - 200,000 rupees",Clifton Cantonment,,,,,,,,,,,,,,,,,
501,501,25 - 44 years,Female,"Up to 25,000 rupees",Malir Cantonment,,,,,,,,,,,,,,,,,
502,502,15 - 24 years,Male,"Up to 25,000 rupees",Gulberg,,,,,,,,,,,,,,,,,
503,503,25 - 44 years,Female,"200,001 and above",Gulshan-e-Iqbal,,,,,,,,,,,,,,,,,
504,504,25 - 44 years,Male,"200,001 and above",Gulshan-e-Iqbal,,,,,,,,,,,,,,,,,
505,505,25 - 44 years,Female,"200,001 and above",Civil Lines,,,,,,,,,,,,,,,,,
506,506,15 - 24 years,Female,"200,001 and above",Malir Cantonment,,,,,,,,,,,,,,,,,
507,507,25 - 44 years,Male,"200,001 and above",Clifton Cantonment,,,,,,,,,,,,,,,,,
508,508,25 - 44 years,Male,"200,001 and above",Gulshan-e-Iqbal,,,,,,,,,,,,,,,,,
509,509,15 - 24 years,Male,"175,000 - 200,000 rupees",Nazimabad,,,,,,,,,,,,,,,,,
510,510,25 - 44 years,Male,"200,001 and above",Clifton Cantonment,,,,,,,,,,,,,,,,,
511,511,25 - 44 years,Female,"150,001 - 175,000 rupees",Clifton Cantonment,,,,,,,,,,,,,,,,,
512,512,25 - 44 years,Male,"200,001 and above",Clifton Cantonment,,,,,,,,,,,,,,,,,
513,513,25 - 44 years,Male,"50,001 - 75,000 rupees",Garden,,,,,,,,,,,,,,,,,
514,514,25 - 44 years,Male,"200,001 and above",Clifton Cantonment,,,,,,,,,,,,,,,,,
515,515,25 - 44 years,Male,Prefer not to answer,Ferozabad,,,,,,,,,,,,,,,,,
516,516,25 - 44 years,Female,"200,001 and above",Clifton Cantonment,,,,,,,,,,,,,,,,,
517,517,25 - 44 years,Male,Prefer not to answer,Clifton Cantonment,,,,,,,,,,,,,,,,,
518,518,25 - 44 years,Female,"100,001 - 125,000 rupees",Korangi,,,,,,,,,,,,,,,,,
519,519,25 - 44 years,Male,"200,001 and above",Clifton Cantonment,,,,,,,,,,,,,,,,,
520,520,25 - 44 years,Female,"150,001 - 175,000 rupees",Nazimabad,,,,,,,,,,,,,,,,,
521,521,25 - 44 years,Female,Prefer not to answer,Clifton Cantonment,,,,,,,,,,,,,,,,,
522,522,25 - 44 years,Male,"50,001 - 75,000 rupees",Nazimabad,,,,,,,,,,,,,,,,,
523,523,15 - 24 years,Female,"200,001 and above",Clifton Cantonment,,,,,,,,,,,,,,,,,
524,524,25 - 44 years,Male,"25,001 - 50,000 rupees",Gulshan-e-Iqbal,,,,,,,,,,,,,,,,,
525,525,25 - 44 years,Female,"75,001 - 100,000 rupees",Clifton Cantonment,,,,,,,,,,,,,,,,,
526,526,25 - 44 years,Male,"125,001 - 150,000 rupees",Clifton Cantonment,,,,,,,,,,,,,,,,,
527,527,15 - 24 years,Prefer not to answer,Prefer not to answer,,,,,,,,,,,,,,,,,,
528,528,25 - 44 years,Female,"200,001 and above",Clifton Cantonment,,,,,,,,,,,,,,,,,
529,529,25 - 44 years,Male,"200,001 and above",Gulshan-e-Iqbal,,,,,,,,,,,,,,,,,
530,530,25 - 44 years,Male,"200,001 and above",Outside Karachi,,,,,,,,,,,,,,,,,
531,531,45 years and above,Male,Prefer not to answer,Gadap,,,,,,,,,,,,,,,,,
532,532,15 - 24 years,Female,"150,001 - 175,000 rupees",Korangi Creek Cantonment,,,,,,,,,,,,,,,,,
533,533,25 - 44 years,Female,"200,001 and above",Clifton Cantonment,,,,,,,,,,,,,,,,,
534,534,25 - 44 years,Male,"200,001 and above",Gulshan-e-Iqbal,,,,,,,,,,,,,,,,,
535,535,15 - 24 years,Male,Prefer not to answer,Clifton Cantonment,,,,,,,,,,,,,,,,,
536,536,15 - 24 years,Female,"200,001 and above",Civil Lines,,,,,,,,,,,,,,,,,
537,537,25 - 44 years,Male,Prefer not to answer,Gulshan-e-Iqbal,,,,,,,,,,,,,,,,,
538,538,25 - 44 years,Non-binary,"50,001 - 75,000 rupees",Gulshan-e-Iqbal,,,,,,,,,,,,,,,,,
539,539,25 - 44 years,Male,"200,001 and above",Clifton Cantonment,,,,,,,,,,,,,,,,,
540,540,25 - 44 years,Male,"200,001 and above",Clifton Cantonment,,,,,,,,,,,,,,,,,
541,541,25 - 44 years,Female,"200,001 and above",Clifton Cantonment,,,,,,,,,,,,,,,,,
542,542,25 - 44 years,Male,"200,001 and above",Gulshan-e-Iqbal,,,,,,,,,,,,,,,,,
543,543,25 - 44 years,Male,"200,001 and above",Clifton Cantonment,,,,,,,,,,,,,,,,,
544,544,15 - 24 years,Male,"175,000 - 200,000 rupees",Gulshan-e-Iqbal,,,,,,,,,,,,,,,,,
545,545,45 years and above,Male,"200,001 and above",Clifton Cantonment,,,,,,,,,,,,,,,,,
546,546,25 - 44 years,Female,"200,001 and above",Clifton Cantonment,,,,,,,,,,,,,,,,,
547,547,25 - 44 years,Male,"200,001 and above",Clifton Cantonment,,,,,,,,,,,,,,,,,
548,548,25 - 44 years,Male,"200,001 and above",Clifton Cantonment,,,,,,,,,,,,,,,,,
549,549,15 - 24 years,Prefer not to answer,"75,001 - 100,000 rupees",Aram Bagh,,,,,,,,,,,,,,,,,
550,550,15 - 24 years,Female,"200,001 and above",Outside Karachi,,,,,,,,,,,,,,,,,
551,551,15 - 24 years,Female,"75,001 - 100,000 rupees",Clifton Cantonment,,,,,,,,,,,,,,,,,
552,552,25 - 44 years,Male,"200,001 and above",Clifton Cantonment,,,,,,,,,,,,,,,,,
553,553,15 - 24 years,Male,"150,001 - 175,000 rupees",Garden,,,,,,,,,,,,,,,,,
554,554,15 - 24 years,Transgender,"125,001 - 150,000 rupees",Gulshan-e-Iqbal,,,,,,,,,,,,,,,,,
555,555,25 - 44 years,Female,"75,001 - 100,000 rupees",Clifton Cantonment,,,,,,,,,,,,,,,,,
556,556,25 - 44 years,Male,"125,001 - 150,000 rupees",Gulshan-e-Iqbal,,,,,,,,,,,,,,,,,
557,557,25 - 44 years,Female,"175,000 - 200,000 rupees",Outside Karachi,,,,,,,,,,,,,,,,,
558,558,15 - 24 years,Female,"200,001 and above",Clifton Cantonment,,,,,,,,,,,,,,,,,
559,559,15 - 24 years,Female,"175,000 - 200,000 rupees",Gulshan-e-Iqbal,,,,,,,,,,,,,,,,,
560,560,25 - 44 years,Female,"50,001 - 75,000 rupees",Clifton Cantonment,,,,,,,,,,,,,,,,,
561,561,25 - 44 years,Female,"200,001 and above",Gulshan-e-Iqbal,,,,,,,,,,,,,,,,,
562,562,25 - 44 years,Male,"175,000 - 200,000 rupees",Gulshan-e-Iqbal,,,,,,,,,,,,,,,,,
563,563,25 - 44 years,Male,"50,001 - 75,000 rupees",Shah Faisal,,,,,,,,,,,,,,,,,
564,564,25 - 44 years,Male,"200,001 and above",Clifton Cantonment,,,,,,,,,,,,,,,,,
565,565,15 - 24 years,Female,"175,000 - 200,000 rupees",Ferozabad,,,,,,,,,,,,,,,,,
566,566,15 - 24 years,Male,"125,001 - 150,000 rupees",Garden,,,,,,,,,,,,,,,,,
567,567,15 - 24 years,Male,"125,001 - 150,000 rupees",Gulshan-e-Iqbal,,,,,,,,,,,,,,,,,
568,568,25 - 44 years,Female,"100,001 - 125,000 rupees",Gulshan-e-Iqbal,,,,,,,,,,,,,,,,,
569,569,15 - 24 years,Male,"175,000 - 200,000 rupees",Airport,,,,,,,,,,,,,,,,,
570,570,25 - 44 years,Female,"125,001 - 150,000 rupees",Ferozabad,,,,,,,,,,,,,,,,,
571,571,15 - 24 years,Female,Prefer not to answer,Outside Karachi,,,,,,,,,,,,,,,,,
572,572,25 - 44 years,Non-binary,"100,001 - 125,000 rupees",Clifton Cantonment,,,,,,,,,,,,,,,,,
573,573,15 - 24 years,Transgender,"200,001 and above",Ferozabad,,,,,,,,,,,,,,,,,
574,574,15 - 24 years,Male,"Up to 25,000 rupees",Malir Cantonment,,,,,,,,,,,,,,,,,
575,575,25 - 44 years,Male,Prefer not to answer,Outside Karachi,,,,,,,,,,,,,,,,,
576,576,25 - 44 years,Female,"200,001 and above",Gulberg,,,,,,,,,,,,,,,,,
577,577,25 - 44 years,Female,"75,001 - 100,000 rupees",North Nazimabad Town,,,,,,,,,,,,,,,,,
578,578,25 - 44 years,Female,"75,001 - 100,000 rupees",,,,,,,,,,,,,,,,,,
579,579,25 - 44 years,Female,"175,000 - 200,000 rupees",Gulberg,,,,,,,,,,,,,,,,,
580,580,25 - 44 years,Female,"50,001 - 75,000 rupees",Karachi Cantonment,,,,,,,,,,,,,,,,,
581,581,25 - 44 years,Female,"200,001 and above",Gulshan-e-Iqbal,,,,,,,,,,,,,,,,,
582,582,25 - 44 years,Female,"75,001 - 100,000 rupees",North Nazimabad Town,,,,,,,,,,,,,,,,,
583,583,15 - 24 years,Female,"200,001 and above",Nazimabad,,,,,,,,,,,,,,,,,
584,584,25 - 44 years,Female,"150,001 - 175,000 rupees",Gulshan-e-Iqbal,,,,,,,,,,,,,,,,,
585,585,25 - 44 years,Female,Prefer not to answer,Clifton Cantonment,,,,,,,,,,,,,,,,,
586,586,15 - 24 years,Female,"175,000 - 200,000 rupees",Clifton Cantonment,,,,,,,,,,,,,,,,,
587,587,25 - 44 years,Female,"200,001 and above",Jamshed Quarters,,,,,,,,,,,,,,,,,
588,588,15 - 24 years,Female,"100,001 - 125,000 rupees",Jamshed Quarters,,,,,,,,,,,,,,,,,
589,589,15 - 24 years,Female,"200,001 and above",Gulshan-e-Iqbal,,,,,,,,,,,,,,,,,
590,590,25 - 44 years,Female,"200,001 and above",Clifton Cantonment,,,,,,,,,,,,,,,,,
591,591,15 - 24 years,Female,"200,001 and above",Clifton Cantonment,,,,,,,,,,,,,,,,,
592,592,25 - 44 years,Female,"200,001 and above",Karachi Cantonment,,,,,,,,,,,,,,,,,
593,593,25 - 44 years,Female,"200,001 and above",Clifton Cantonment,,,,,,,,,,,,,,,,,
594,594,15 - 24 years,Female,"200,001 and above",Faisal Cantonment,,,,,,,,,,,,,,,,,
595,595,15 - 24 years,Female,"200,001 and above",Faisal Cantonment,,,,,,,,,,,,,,,,,
596,596,15 - 24 years,Female,"200,001 and above",,,,,,,,,,,,,,,,,,
597,597,15 - 24 years,Male,"200,001 and above",Civil Lines,,,,,,,,,,,,,,,,,
598,598,25 - 44 years,Male,"25,001 - 50,000 rupees",Gulshan-e-Iqbal,,,,,,,,,,,,,,,,,
599,599,25 - 44 years,Male,"75,001 - 100,000 rupees",Faisal Cantonment,,,,,,,,,,,,,,,,,
600,600,25 - 44 years,Male,"25,001 - 50,000 rupees",Garden,,,,,,,,,,,,,,,,,
601,601,25 - 44 years,Male,"200,001 and above",Clifton Cantonment,,,,,,,,,,,,,,,,,
602,602,15 - 24 years,Female,Prefer not to answer,Clifton Cantonment,,,,,,,,,,,,,,,,,
603,603,25 - 44 years,Male,"75,001 - 100,000 rupees",Nazimabad,,,,,,,,,,,,,,,,,
604,604,45 years and above,Male,"200,001 and above",Malir Cantonment,,,,,,,,,,,,,,,,,
605,605,25 - 44 years,Female,"200,001 and above",Outside Karachi,,,,,,,,,,,,,,,,,
606,606,25 - 44 years,Male,"25,001 - 50,000 rupees",Gulberg,,,,,,,,,,,,,,,,,
607,607,25 - 44 years,Male,Prefer not to answer,Airport,,,,,,,,,,,,,,,,,
608,608,15 - 24 years,Male,"200,001 and above",Clifton Cantonment,,,,,,,,,,,,,,,,,
609,609,15 - 24 years,Female,Prefer not to answer,Clifton Cantonment,,,,,,,,,,,,,,,,,
610,610,45 years and above,Female,"200,001 and above",Ferozabad,,,,,,,,,,,,,,,,,
611,611,15 - 24 years,Female,"200,001 and above",North Nazimabad Town,,,,,,,,,,,,,,,,,
612,612,25 - 44 years,Transgender,"25,001 - 50,000 rupees",Shah Faisal,,,,,,,,,,,,,,,,,
613,613,25 - 44 years,Male,"200,001 and above",Clifton Cantonment,,,,,,,,,,,,,,,,,
614,614,25 - 44 years,Male,"200,001 and above",Gulshan-e-Iqbal,,,,,,,,,,,,,,,,,
615,615,25 - 44 years,Male,"125,001 - 150,000 rupees",Clifton Cantonment,,,,,,,,,,,,,,,,,
616,616,15 - 24 years,Male,"200,001 and above",Clifton Cantonment,,,,,,,,,,,,,,,,,
617,617,45 years and above,Male,"125,001 - 150,000 rupees",North Nazimabad Town,,,,,,,,,,,,,,,,,
618,618,45 years and above,Male,"200,001 and above",Gulshan-e-Iqbal,,,,,,,,,,,,,,,,,
619,619,15 - 24 years,Female,"200,001 and above",Gulshan-e-Iqbal,,,,,,,,,,,,,,,,,
620,620,25 - 44 years,Male,"200,001 and above",Clifton Cantonment,,,,,,,,,,,,,,,,,
621,621,25 - 44 years,Male,"100,001 - 125,000 rupees",Clifton Cantonment,,,,,,,,,,,,,,,,,
622,622,25 - 44 years,Male,"75,001 - 100,000 rupees",Clifton Cantonment,,,,,,,,,,,,,,,,,
623,623,25 - 44 years,Male,"200,001 and above",,,,,,,,,,,,,,,,,,
624,624,25 - 44 years,Male,"200,001 and above",Gulshan-e-Iqbal,,,,,,,,,,,,,,,,,
625,625,45 years and above,Male,"150,001 - 175,000 rupees",Clifton Cantonment,,,,,,,,,,,,,,,,,
626,626,25 - 44 years,Male,"150,001 - 175,000 rupees",Airport,,,,,,,,,,,,,,,,,
627,627,25 - 44 years,Female,"200,001 and above",Malir Cantonment,,,,,,,,,,,,,,,,,
628,628,25 - 44 years,Male,"200,001 and above",Gulshan-e-Iqbal,,,,,,,,,,,,,,,,,
629,629,25 - 44 years,Male,"175,000 - 200,000 rupees",Ferozabad,,,,,,,,,,,,,,,,,
630,630,25 - 44 years,Female,"75,001 - 100,000 rupees",Gulshan-e-Iqbal,,,,,,,,,,,,,,,,,
631,631,25 - 44 years,Male,"50,001 - 75,000 rupees",Sindh Industrial Trading Estate (SITE),,,,,,,,,,,,,,,,,
632,632,25 - 44 years,Female,"200,001 and above",Clifton Cantonment,,,,,,,,,,,,,,,,,
633,633,25 - 44 years,Male,"100,001 - 125,000 rupees",Gulberg,,,,,,,,,,,,,,,,,
634,634,25 - 44 years,Female,"150,001 - 175,000 rupees",Clifton Cantonment,,,,,,,,,,,,,,,,,
635,635,25 - 44 years,Male,"200,001 and above",Clifton Cantonment,,,,,,,,,,,,,,,,,
636,636,25 - 44 years,Male,"200,001 and above",Clifton Cantonment,,,,,,,,,,,,,,,,,
637,637,45 years and above,Female,Prefer not to answer,North Nazimabad Town,,,,,,,,,,,,,,,,,
638,638,25 - 44 years,Male,"150,001 - 175,000 rupees",,,,,,,,,,,,,,,,,,
639,639,15 - 24 years,Female,"200,001 and above",Garden,,,,,,,,,,,,,,,,,
640,640,15 - 24 years,Female,"200,001 and above",Civil Lines,,,,,,,,,,,,,,,,,
641,641,25 - 44 years,Male,"150,001 - 175,000 rupees",Garden,,,,,,,,,,,,,,,,,
642,642,15 - 24 years,Male,"200,001 and above",Clifton Cantonment,,,,,,,,,,,,,,,,,
643,643,25 - 44 years,Male,"200,001 and above",Outside Karachi,,,,,,,,,,,,,,,,,
644,644,25 - 44 years,Male,Prefer not to answer,Nazimabad,,,,,,,,,,,,,,,,,
645,645,25 - 44 years,Male,"100,001 - 125,000 rupees",Clifton Cantonment,,,,,,,,,,,,,,,,,
646,646,25 - 44 years,Female,Prefer not to answer,Karachi Cantonment,,,,,,,,,,,,,,,,,
647,647,45 years and above,Male,Prefer not to answer,Outside Karachi,,,,,,,,,,,,,,,,,
648,648,25 - 44 years,Male,"150,001 - 175,000 rupees",Gulzar-e-Hijri,,,,,,,,,,,,,,,,,
649,649,15 - 24 years,Male,"150,001 - 175,000 rupees",Outside Karachi,,,,,,,,,,,,,,,,,
650,650,25 - 44 years,Female,"200,001 and above",Gulshan-e-Iqbal,,,,,,,,,,,,,,,,,
651,651,25 - 44 years,Male,"200,001 and above",Outside Karachi,,,,,,,,,,,,,,,,,
652,652,25 - 44 years,Male,"75,001 - 100,000 rupees",Malir Cantonment,,,,,,,,,,,,,,,,,
653,653,25 - 44 years,Male,"200,001 and above",,,,,,,,,,,,,,,,,,
654,654,25 - 44 years,Male,"200,001 and above",Gulshan-e-Iqbal,,,,,,,,,,,,,,,,,
655,655,45 years and above,Male,"200,001 and above",Malir Cantonment,,,,,,,,,,,,,,,,,
656,656,25 - 44 years,Prefer not to answer,"100,001 - 125,000 rupees",Garden,,,,,,,,,,,,,,,,,
657,657,25 - 44 years,Male,"75,001 - 100,000 rupees",Airport,,,,,,,,,,,,,,,,,
658,658,,,,,,,,,,,,,,,,,,,,,
659,659,,,,,,,,,,,,,,,,,,,,,
660,660,,,,,,,,,,,,,,,,,,,,,
661,661,,,,,,,,,,,,,,,,,,,,,
662,662,,,,,,,,,,,,,,,,,,,,,
663,663,,,,,,,,,,,,,,,,,,,,,
664,664,,,,,,,,,,,,,,,,,,,,,
665,665,,,,,,,,,,,,,,,,,,,,,
666,666,,,,,,,,,,,,,,,,,,,,,
667,667,,,,,,,,,,,,,,,,,,,,,
668,668,,,,,,,,,,,,,,,,,,,,,
669,669,,,,,,,,,,,,,,,,,,,,,
670,670,,,,,,,,,,,,,,,,,,,,,
671,671,,,,,,,,,,,,,,,,,,,,,
672,672,,,,,,,,,,,,,,,,,,,,,
673,673,,,,,,,,,,,,,,,,,,,,,
674,674,,,,,,,,,,,,,,,,,,,,,
675,675,,,,,,,,,,,,,,,,,,,,,
676,676,,,,,,,,,,,,,,,,,,,,,
677,677,,,,,,,,,,,,,,,,,,,,,
678,678,,,,,,,,,,,,,,,,,,,,,
679,679,,,,,,,,,,,,,,,,,,,,,
680,680,,,,,,,,,,,,,,,,,,,,,
681,681,,,,,,,,,,,,,,,,,,,,,
682,682,,,,,,,,,,,,,,,,,,,,,
683,683,,,,,,,,,,,,,,,,,,,,,
684,684,,,,,,,,,,,,,,,,,,,,,
685,685,,,,,,,,,,,,,,,,,,,,,
686,686,,,,,,,,,,,,,,,,,,,,,
687,687,,,,,,,,,,,,,,,,,,,,,
688,688,,,,,,,,,,,,,,,,,,,,,
689,689,,,,,,,,,,,,,,,,,,,,,
690,690,,,,,,,,,,,,,,,,,,,,,
691,691,,,,,,,,,,,,,,,,,,,,,
692,692,,,,,,,,,,,,,,,,,,,,,
693,693,,,,,,,,,,,,,,,,,,,,,
694,694,,,,,,,,,,,,,,,,,,,,,
695,695,,,,,,,,,,,,,,,,,,,,,
696,696,,,,,,,,,,,,,,,,,,,,,
697,697,,,,,,,,,,,,,,,,,,,,,
698,698,,,,,,,,,,,,,,,,,,,,,
699,699,,,,,,,,,,,,,,,,,,,,,
700,700,,,,,,,,,,,,,,,,,,,,,
701,701,,,,,,,,,,,,,,,,,,,,,
702,702,,,,,,,,,,,,,,,,,,,,,
703,703,,,,,,,,,,,,,,,,,,,,,
704,704,,,,,,,,,,,,,,,,,,,,,
705,705,,,,,,,,,,,,,,,,,,,,,
706,706,,,,,,,,,,,,,,,,,,,,,
707,707,,,,,,,,,,,,,,,,,,,,,
708,708,,,,,,,,,,,,,,,,,,,,,
709,709,,,,,,,,,,,,,,,,,,,,,
710,710,,,,,,,,,,,,,,,,,,,,,
711,711,,,,,,,,,,,,,,,,,,,,,
712,712,,,,,,,,,,,,,,,,,,,,,
713,713,,,,,,,,,,,,,,,,,,,,,
714,714,,,,,,,,,,,,,,,,,,,,,
715,715,,,,,,,,,,,,,,,,,,,,,
716,716,,,,,,,,,,,,,,,,,,,,,
717,717,,,,,,,,,,,,,,,,,,,,,
718,718,,,,,,,,,,,,,,,,,,,,,
719,719,,,,,,,,,,,,,,,,,,,,,
720,720,,,,,,,,,,,,,,,,,,,,,
721,721,,,,,,,,,,,,,,,,,,,,,
722,722,,,,,,,,,,,,,,,,,,,,,
723,723,,,,,,,,,,,,,,,,,,,,,
724,724,,,,,,,,,,,,,,,,,,,,,
725,725,,,,,,,,,,,,,,,,,,,,,
726,726,,,,,,,,,,,,,,,,,,,,,
727,727,,,,,,,,,,,,,,,,,,,,,
728,728,,,,,,,,,,,,,,,,,,,,,
729,729,,,,,,,,,,,,,,,,,,,,,
730,730,,,,,,,,,,,,,,,,,,,,,
731,731,,,,,,,,,,,,,,,,,,,,,
732,732,,,,,,,,,,,,,,,,,,,,,
733,733,,,,,,,,,,,,,,,,,,,,,
734,734,,,,,,,,,,,,,,,,,,,,,
735,735,,,,,,,,,,,,,,,,,,,,,
736,736,,,,,,,,,,,,,,,,,,,,,
737,737,,,,,,,,,,,,,,,,,,,,,
738,738,,,,,,,,,,,,,,,,,,,,,
739,739,,,,,,,,,,,,,,,,,,,,,
740,740,,,,,,,,,,,,,,,,,,,,,
741,741,,,,,,,,,,,,,,,,,,,,,
742,742,,,,,,,,,,,,,,,,,,,,,
743,743,,,,,,,,,,,,,,,,,,,,,
744,744,,,,,,,,,,,,,,,,,,,,,
745,745,,,,,,,,,,,,,,,,,,,,,
746,746,,,,,,,,,,,,,,,,,,,,,
747,747,,,,,,,,,,,,,,,,,,,,,
748,748,,,,,,,,,,,,,,,,,,,,,
749,749,,,,,,,,,,,,,,,,,,,,,
750,750,,,,,,,,,,,,,,,,,,,,,
751,751,,,,,,,,,,,,,,,,,,,,,
752,752,,,,,,,,,,,,,,,,,,,,,
753,753,,,,,,,,,,,,,,,,,,,,,
754,754,,,,,,,,,,,,,,,,,,,,,
755,755,,,,,,,,,,,,,,,,,,,,,
756,756,,,,,,,,,,,,,,,,,,,,,
757,757,,,,,,,,,,,,,,,,,,,,,
758,758,,,,,,,,,,,,,,,,,,,,,
759,759,,,,,,,,,,,,,,,,,,,,,
760,760,,,,,,,,,,,,,,,,,,,,,
761,761,,,,,,,,,,,,,,,,,,,,,
762,762,,,,,,,,,,,,,,,,,,,,,
763,763,,,,,,,,,,,,,,,,,,,,,
764,764,,,,,,,,,,,,,,,,,,,,,
765,765,,,,,,,,,,,,,,,,,,,,,
766,766,,,,,,,,,,,,,,,,,,,,,
767,767,,,,,,,,,,,,,,,,,,,,,
768,768,,,,,,,,,,,,,,,,,,,,,
769,769,,,,,,,,,,,,,,,,,,,,,
770,770,,,,,,,,,,,,,,,,,,,,,
771,771,,,,,,,,,,,,,,,,,,,,,
772,772,,,,,,,,,,,,,,,,,,,,,
773,773,,,,,,,,,,,,,,,,,,,,,
774,774,,,,,,,,,,,,,,,,,,,,,
775,775,,,,,,,,,,,,,,,,,,,,,
776,776,,,,,,,,,,,,,,,,,,,,,
777,777,,,,,,,,,,,,,,,,,,,,,
778,778,,,,,,,,,,,,,,,,,,,,,
779,779,,,,,,,,,,,,,,,,,,,,,
780,780,,,,,,,,,,,,,,,,,,,,,
781,781,,,,,,,,,,,,,,,,,,,,,
782,782,,,,,,,,,,,,,,,,,,,,,
783,783,,,,,,,,,,,,,,,,,,,,,
784,784,,,,,,,,,,,,,,,,,,,,,
785,785,,,,,,,,,,,,,,,,,,,,,
786,786,,,,,,,,,,,,,,,,,,,,,
787,787,,,,,,,,,,,,,,,,,,,,,
788,788,,,,,,,,,,,,,,,,,,,,,
789,789,,,,,,,,,,,,,,,,,,,,,
790,790,,,,,,,,,,,,,,,,,,,,,
791,791,,,,,,,,,,,,,,,,,,,,,
792,792,,,,,,,,,,,,,,,,,,,,,
793,793,,,,,,,,,,,,,,,,,,,,,
794,794,,,,,,,,,,,,,,,,,,,,,
795,795,,,,,,,,,,,,,,,,,,,,,
796,796,,,,,,,,,,,,,,,,,,,,,
797,797,,,,,,,,,,,,,,,,,,,,,
798,798,,,,,,,,,,,,,,,,,,,,,
799,799,,,,,,,,,,,,,,,,,,,,,
800,800,,,,,,,,,,,,,,,,,,,,,
801,801,,,,,,,,,,,,,,,,,,,,,
802,802,,,,,,,,,,,,,,,,,,,,,
803,803,,,,,,,,,,,,,,,,,,,,,
804,804,,,,,,,,,,,,,,,,,,,,,
805,805,,,,,,,,,,,,,,,,,,,,,
806,806,,,,,,,,,,,,,,,,,,,,,
807,807,,,,,,,,,,,,,,,,,,,,,
808,808,,,,,,,,,,,,,,,,,,,,,
809,809,,,,,,,,,,,,,,,,,,,,,
810,810,,,,,,,,,,,,,,,,,,,,,
811,811,,,,,,,,,,,,,,,,,,,,,
812,812,,,,,,,,,,,,,,,,,,,,,
813,813,,,,,,,,,,,,,,,,,,,,,
814,814,,,,,,,,,,,,,,,,,,,,,
815,815,,,,,,,,,,,,,,,,,,,,,
816,816,,,,,,,,,,,,,,,,,,,,,
817,817,,,,,,,,,,,,,,,,,,,,,
818,818,,,,,,,,,,,,,,,,,,,,,
819,819,,,,,,,,,,,,,,,,,,,,,
820,820,,,,,,,,,,,,,,,,,,,,,
821,821,,,,,,,,,,,,,,,,,,,,,
822,822,,,,,,,,,,,,,,,,,,,,,
823,823,,,,,,,,,,,,,,,,,,,,,
824,824,,,,,,,,,,,,,,,,,,,,,
825,825,,,,,,,,,,,,,,,,,,,,,
826,826,,,,,,,,,,,,,,,,,,,,,
827,827,,,,,,,,,,,,,,,,,,,,,
828,828,,,,,,,,,,,,,,,,,,,,,
829,829,,,,,,,,,,,,,,,,,,,,,
830,830,,,,,,,,,,,,,,,,,,,,,
831,831,,,,,,,,,,,,,,,,,,,,,
832,832,,,,,,,,,,,,,,,,,,,,,
833,833,,,,,,,,,,,,,,,,,,,,,
834,834,,,,,,,,,,,,,,,,,,,,,
835,835,,,,,,,,,,,,,,,,,,,,,
836,836,,,,,,,,,,,,,,,,,,,,,
837,837,,,,,,,,,,,,,,,,,,,,,
838,838,,,,,,,,,,,,,,,,,,,,,
839,839,,,,,,,,,,,,,,,,,,,,,
840,840,,,,,,,,,,,,,,,,,,,,,
841,841,,,,,,,,,,,,,,,,,,,,,
842,842,,,,,,,,,,,,,,,,,,,,,
843,843,,,,,,,,,,,,,,,,,,,,,
844,844,,,,,,,,,,,,,,,,,,,,,
845,845,,,,,,,,,,,,,,,,,,,,,
846,846,,,,,,,,,,,,,,,,,,,,,
847,847,,,,,,,,,,,,,,,,,,,,,
848,848,,,,,,,,,,,,,,,,,,,,,
849,849,,,,,,,,,,,,,,,,,,,,,
850,850,,,,,,,,,,,,,,,,,,,,,
851,851,,,,,,,,,,,,,,,,,,,,,
852,852,,,,,,,,,,,,,,,,,,,,,
853,853,,,,,,,,,,,,,,,,,,,,,
854,854,,,,,,,,,,,,,,,,,,,,,
855,855,,,,,,,,,,,,,,,,,,,,,
856,856,,,,,,,,,,,,,,,,,,,,,
857,857,,,,,,,,,,,,,,,,,,,,,
858,858,,,,,,,,,,,,,,,,,,,,,
859,859,,,,,,,,,,,,,,,,,,,,,
860,860,,,,,,,,,,,,,,,,,,,,,
861,861,,,,,,,,,,,,,,,,,,,,,
862,862,,,,,,,,,,,,,,,,,,,,,
863,863,,,,,,,,,,,,,,,,,,,,,
864,864,,,,,,,,,,,,,,,,,,,,,
865,865,,,,,,,,,,,,,,,,,,,,,
866,866,,,,,,,,,,,,,,,,,,,,,
867,867,,,,,,,,,,,,,,,,,,,,,
868,868,,,,,,,,,,,,,,,,,,,,,
869,869,,,,,,,,,,,,,,,,,,,,,
870,870,,,,,,,,,,,,,,,,,,,,,
871,871,,,,,,,,,,,,,,,,,,,,,
872,872,,,,,,,,,,,,,,,,,,,,,
873,873,,,,,,,,,,,,,,,,,,,,,
874,874,,,,,,,,,,,,,,,,,,,,,
875,875,,,,,,,,,,,,,,,,,,,,,
876,876,,,,,,,,,,,,,,,,,,,,,
877,877,,,,,,,,,,,,,,,,,,,,,
878,878,,,,,,,,,,,,,,,,,,,,,
879,879,,,,,,,,,,,,,,,,,,,,,
880,880,,,,,,,,,,,,,,,,,,,,,
881,881,,,,,,,,,,,,,,,,,,,,,
882,882,,,,,,,,,,,,,,,,,,,,,
883,883,,,,,,,,,,,,,,,,,,,,,
884,884,,,,,,,,,,,,,,,,,,,,,
885,885,,,,,,,,,,,,,,,,,,,,,
886,886,,,,,,,,,,,,,,,,,,,,,
887,887,,,,,,,,,,,,,,,,,,,,,
888,888,,,,,,,,,,,,,,,,,,,,,
889,889,,,,,,,,,,,,,,,,,,,,,
890,890,,,,,,,,,,,,,,,,,,,,,
891,891,,,,,,,,,,,,,,,,,,,,,
892,892,,,,,,,,,,,,,,,,,,,,,
893,893,,,,,,,,,,,,,,,,,,,,,
894,894,,,,,,,,,,,,,,,,,,,,,
895,895,,,,,,,,,,,,,,,,,,,,,
896,896,,,,,,,,,,,,,,,,,,,,,
897,897,,,,,,,,,,,,,,,,,,,,,
898,898,,,,,,,,,,,,,,,,,,,,,
899,899,,,,,,,,,,,,,,,,,,,,,
900,900,,,,,,,,,,,,,,,,,,,,,
901,901,,,,,,,,,,,,,,,,,,,,,
902,902,,,,,,,,,,,,,,,,,,,,,
903,903,,,,,,,,,,,,,,,,,,,,,
904,904,,,,,,,,,,,,,,,,,,,,,
905,905,,,,,,,,,,,,,,,,,,,,,
906,906,,,,,,,,,,,,,,,,,,,,,
907,907,,,,,,,,,,,,,,,,,,,,,
908,908,,,,,,,,,,,,,,,,,,,,,
909,909,,,,,,,,,,,,,,,,,,,,,
910,910,,,,,,,,,,,,,,,,,,,,,
911,911,,,,,,,,,,,,,,,,,,,,,
912,912,,,,,,,,,,,,,,,,,,,,,
913,913,,,,,,,,,,,,,,,,,,,,,
914,914,,,,,,,,,,,,,,,,,,,,,
915,915,,,,,,,,,,,,,,,,,,,,,
916,916,,,,,,,,,,,,,,,,,,,,,
917,917,,,,,,,,,,,,,,,,,,,,,
918,918,,,,,,,,,,,,,,,,,,,,,
919,919,,,,,,,,,,,,,,,,,,,,,
920,920,,,,,,,,,,,,,,,,,,,,,
921,921,,,,,,,,,,,,,,,,,,,,,
922,922,,,,,,,,,,,,,,,,,,,,,
923,923,,,,,,,,,,,,,,,,,,,,,
924,924,,,,,,,,,,,,,,,,,,,,,
925,925,,,,,,,,,,,,,,,,,,,,,
926,926,,,,,,,,,,,,,,,,,,,,,
927,927,,,,,,,,,,,,,,,,,,,,,
928,928,,,,,,,,,,,,,,,,,,,,,
929,929,,,,,,,,,,,,,,,,,,,,,
930,930,,,,,,,,,,,,,,,,,,,,,
931,931,,,,,,,,,,,,,,,,,,,,,
932,932,,,,,,,,,,,,,,,,,,,,,
933,933,,,,,,,,,,,,,,,,,,,,,
934,934,,,,,,,,,,,,,,,,,,,,,
935,935,,,,,,,,,,,,,,,,,,,,,
936,936,,,,,,,,,,,,,,,,,,,,,
937,937,,,,,,,,,,,,,,,,,,,,,
938,938,,,,,,,,,,,,,,,,,,,,,
939,939,,,,,,,,,,,,,,,,,,,,,
940,940,,,,,,,,,,,,,,,,,,,,,
941,941,,,,,,,,,,,,,,,,,,,,,
942,942,,,,,,,,,,,,,,,,,,,,,
943,943,,,,,,,,,,,,,,,,,,,,,
944,944,,,,,,,,,,,,,,,,,,,,,
945,945,,,,,,,,,,,,,,,,,,,,,
946,946,,,,,,,,,,,,,,,,,,,,,
947,947,,,,,,,,,,,,,,,,,,,,,
948,948,,,,,,,,,,,,,,,,,,,,,
949,949,,,,,,,,,,,,,,,,,,,,,
950,950,,,,,,,,,,,,,,,,,,,,,
951,951,,,,,,,,,,,,,,,,,,,,,
952,952,,,,,,,,,,,,,,,,,,,,,
953,953,,,,,,,,,,,,,,,,,,,,,
954,954,,,,,,,,,,,,,,,,,,,,,
955,955,,,,,,,,,,,,,,,,,,,,,
956,956,,,,,,,,,,,,,,,,,,,,,
957,957,,,,,,,,,,,,,,,,,,,,,
958,958,,,,,,,,,,,,,,,,,,,,,
959,959,,,,,,,,,,,,,,,,,,,,,
960,960,,,,,,,,,,,,,,,,,,,,,
961,961,,,,,,,,,,,,,,,,,,,,,
962,962,,,,,,,,,,,,,,,,,,,,,
963,963,,,,,,,,,,,,,,,,,,,,,
964,964,,,,,,,,,,,,,,,,,,,,,
965,965,,,,,,,,,,,,,,,,,,,,,
966,966,,,,,,,,,,,,,,,,,,,,,
967,967,,,,,,,,,,,,,,,,,,,,,
968,968,,,,,,,,,,,,,,,,,,,,,
969,969,,,,,,,,,,,,,,,,,,,,,
970,970,,,,,,,,,,,,,,,,,,,,,
971,971,,,,,,,,,,,,,,,,,,,,,
972,972,,,,,,,,,,,,,,,,,,,,,
973,973,,,,,,,,,,,,,,,,,,,,,
974,974,,,,,,,,,,,,,,,,,,,,,
975,975,,,,,,,,,,,,,,,,,,,,,
976,976,,,,,,,,,,,,,,,,,,,,,
977,977,,,,,,,,,,,,,,,,,,,,,
978,978,,,,,,,,,,,,,,,,,,,,,
979,979,,,,,,,,,,,,,,,,,,,,,
980,980,,,,,,,,,,,,,,,,,,,,,
981,981,,,,,,,,,,,,,,,,,,,,,
982,982,,,,,,,,,,,,,,,,,,,,,
983,983,,,,,,,,,,,,,,,,,,,,,
984,984,,,,,,,,,,,,,,,,,,,,,
985,985,,,,,,,,,,,,,,,,,,,,,
986,986,,,,,,,,,,,,,,,,,,,,,
987,987,,,,,,,,,,,,,,,,,,,,,
988,988,,,,,,,,,,,,,,,,,,,,,
989,989,,,,,,,,,,,,,,,,,,,,,
990,990,,,,,,,,,,,,,,,,,,,,,
991,991,,,,,,,,,,,,,,,,,,,,,
992,992,,,,,,,,,,,,,,,,,,,,,
993,993,,,,,,,,,,,,,,,,,,,,,
994,994,,,,,,,,,,,,,,,,,,,,,
995,995,,,,,,,,,,,,,,,,,,,,,
996,996,,,,,,,,,,,,,,,,,,,,,
997,997,,,,,,,,,,,,,,,,,,,,,
998,998,,,,,,,,,,,,,,,,,,,,,
999,999,,,,,,,,,,,,,,,,,,,,,
1000,1000,,,,,,,,,,,,,,,,,,,,,
1001,1001,,,,,,,,,,,,,,,,,,,,,
1002,1002,,,,,,,,,,,,,,,,,,,,,
1003,1003,,,,,,,,,,,,,,,,,,,,,
1004,1004,,,,,,,,,,,,,,,,,,,,,
1005,1005,,,,,,,,,,,,,,,,,,,,,
1006,1006,,,,,,,,,,,,,,,,,,,,,
1007,1007,,,,,,,,,,,,,,,,,,,,,
1008,1008,,,,,,,,,,,,,,,,,,,,,
1009,1009,,,,,,,,,,,,,,,,,,,,,
1010,1010,,,,,,,,,,,,,,,,,,,,,
1011,1011,,,,,,,,,,,,,,,,,,,,,
1012,1012,,,,,,,,,,,,,,,,,,,,,
1013,1013,,,,,,,,,,,,,,,,,,,,,
1014,1014,,,,,,,,,,,,,,,,,,,,,
1015,1015,,,,,,,,,,,,,,,,,,,,,
1016,1016,,,,,,,,,,,,,,,,,,,,,
1017,1017,,,,,,,,,,,,,,,,,,,,,
1018,1018,,,,,,,,,,,,,,,,,,,,,
1019,1019,,,,,,,,,,,,,,,,,,,,,
1020,1020,,,,,,,,,,,,,,,,,,,,,
1021,1021,,,,,,,,,,,,,,,,,,,,,
1022,1022,,,,,,,,,,,,,,,,,,,,,
1023,1023,,,,,,,,,,,,,,,,,,,,,
1024,1024,,,,,,,,,,,,,,,,,,,,,
1025,1025,,,,,,,,,,,,,,,,,,,,,
1026,1026,,,,,,,,,,,,,,,,,,,,,
1027,1027,,,,,,,,,,,,,,,,,,,,,
1028,1028,,,,,,,,,,,,,,,,,,,,,
1029,1029,,,,,,,,,,,,,,,,,,,,,
1030,1030,,,,,,,,,,,,,,,,,,,,,
1031,1031,,,,,,,,,,,,,,,,,,,,,
1032,1032,,,,,,,,,,,,,,,,,,,,,
1033,1033,,,,,,,,,,,,,,,,,,,,,
1034,1034,,,,,,,,,,,,,,,,,,,,,
1035,1035,,,,,,,,,,,,,,,,,,,,,
1036,1036,,,,,,,,,,,,,,,,,,,,,
1037,1037,,,,,,,,,,,,,,,,,,,,,
1038,1038,,,,,,,,,,,,,,,,,,,,,
1039,1039,,,,,,,,,,,,,,,,,,,,,
1040,1040,,,,,,,,,,,,,,,,,,,,,
1041,1041,,,,,,,,,,,,,,,,,,,,,
1042,1042,,,,,,,,,,,,,,,,,,,,,
1043,1043,,,,,,,,,,,,,,,,,,,,,
1044,1044,,,,,,,,,,,,,,,,,,,,,
1045,1045,,,,,,,,,,,,,,,,,,,,,
1046,1046,,,,,,,,,,,,,,,,,,,,,
1047,1047,,,,,,,,,,,,,,,,,,,,,
1048,1048,,,,,,,,,,,,,,,,,,,,,
1049,1049,,,,,,,,,,,,,,,,,,,,,
1050,1050,,,,,,,,,,,,,,,,,,,,,
1051,1051,,,,,,,,,,,,,,,,,,,,,
1052,1052,,,,,,,,,,,,,,,,,,,,,
1053,1053,,,,,,,,,,,,,,,,,,,,,
1054,1054,,,,,,,,,,,,,,,,,,,,,
1055,1055,,,,,,,,,,,,,,,,,,,,,
1056,1056,,,,,,,,,,,,,,,,,,,,,
1057,1057,,,,,,,,,,,,,,,,,,,,,
1058,1058,,,,,,,,,,,,,,,,,,,,,
1059,1059,,,,,,,,,,,,,,,,,,,,,
1060,1060,,,,,,,,,,,,,,,,,,,,,
1061,1061,,,,,,,,,,,,,,,,,,,,,
1062,1062,,,,,,,,,,,,,,,,,,,,,
1063,1063,,,,,,,,,,,,,,,,,,,,,
1064,1064,,,,,,,,,,,,,,,,,,,,,
1065,1065,,,,,,,,,,,,,,,,,,,,,
1066,1066,,,,,,,,,,,,,,,,,,,,,
1067,1067,,,,,,,,,,,,,,,,,,,,,
1068,1068,,,,,,,,,,,,,,,,,,,,,
1069,1069,,,,,,,,,,,,,,,,,,,,,
1070,1070,,,,,,,,,,,,,,,,,,,,,
1071,1071,,,,,,,,,,,,,,,,,,,,,
1072,1072,,,,,,,,,,,,,,,,,,,,,
1073,1073,,,,,,,,,,,,,,,,,,,,,
1074,1074,,,,,,,,,,,,,,,,,,,,,
1075,1075,,,,,,,,,,,,,,,,,,,,,
1076,1076,,,,,,,,,,,,,,,,,,,,,
1077,1077,,,,,,,,,,,,,,,,,,,,,
1078,1078,,,,,,,,,,,,,,,,,,,,,
1079,1079,,,,,,,,,,,,,,,,,,,,,
1080,1080,,,,,,,,,,,,,,,,,,,,,
1081,1081,,,,,,,,,,,,,,,,,,,,,
1082,1082,,,,,,,,,,,,,,,,,,,,,
1083,1083,,,,,,,,,,,,,,,,,,,,,
1084,1084,,,,,,,,,,,,,,,,,,,,,
1085,1085,,,,,,,,,,,,,,,,,,,,,
1086,1086,,,,,,,,,,,,,,,,,,,,,
1087,1087,,,,,,,,,,,,,,,,,,,,,
1088,1088,,,,,,,,,,,,,,,,,,,,,
1089,1089,,,,,,,,,,,,,,,,,,,,,
1090,1090,,,,,,,,,,,,,,,,,,,,,
1091,1091,,,,,,,,,,,,,,,,,,,,,
1092,1092,,,,,,,,,,,,,,,,,,,,,
1093,1093,,,,,,,,,,,,,,,,,,,,,
1094,1094,,,,,,,,,,,,,,,,,,,,,
1095,1095,,,,,,,,,,,,,,,,,,,,,
1096,1096,,,,,,,,,,,,,,,,,,,,,
1097,1097,,,,,,,,,,,,,,,,,,,,,
1098,1098,,,,,,,,,,,,,,,,,,,,,
1099,1099,,,,,,,,,,,,,,,,,,,,,
1100,1100,,,,,,,,,,,,,,,,,,,,,
1101,1101,,,,,,,,,,,,,,,,,,,,,
1102,1102,,,,,,,,,,,,,,,,,,,,,
1103,1103,,,,,,,,,,,,,,,,,,,,,
1104,1104,,,,,,,,,,,,,,,,,,,,,
1105,1105,,,,,,,,,,,,,,,,,,,,,
1106,1106,,,,,,,,,,,,,,,,,,,,,
1107,1107,,,,,,,,,,,,,,,,,,,,,
1108,1108,,,,,,,,,,,,,,,,,,,,,
1109,1109,,,,,,,,,,,,,,,,,,,,,
1110,1110,,,,,,,,,,,,,,,,,,,,,
1111,1111,,,,,,,,,,,,,,,,,,,,,
1112,1112,,,,,,,,,,,,,,,,,,,,,
1113,1113,,,,,,,,,,,,,,,,,,,,,
1114,1114,,,,,,,,,,,,,,,,,,,,,
1115,1115,,,,,,,,,,,,,,,,,,,,,
1116,1116,,,,,,,,,,,,,,,,,,,,,
1117,1117,,,,,,,,,,,,,,,,,,,,,
1118,1118,,,,,,,,,,,,,,,,,,,,,
1119,1119,,,,,,,,,,,,,,,,,,,,,
1120,1120,,,,,,,,,,,,,,,,,,,,,
1121,1121,,,,,,,,,,,,,,,,,,,,,
1122,1122,,,,,,,,,,,,,,,,,,,,,
1123,1123,,,,,,,,,,,,,,,,,,,,,
1124,1124,,,,,,,,,,,,,,,,,,,,,
1125,1125,,,,,,,,,,,,,,,,,,,,,
1126,1126,,,,,,,,,,,,,,,,,,,,,
1127,1127,,,,,,,,,,,,,,,,,,,,,
1128,1128,,,,,,,,,,,,,,,,,,,,,
1129,1129,,,,,,,,,,,,,,,,,,,,,
1130,1130,,,,,,,,,,,,,,,,,,,,,
1131,1131,,,,,,,,,,,,,,,,,,,,,
1132,1132,,,,,,,,,,,,,,,,,,,,,
1133,1133,,,,,,,,,,,,,,,,,,,,,
1134,1134,,,,,,,,,,,,,,,,,,,,,
1135,1135,,,,,,,,,,,,,,,,,,,,,
1136,1136,,,,,,,,,,,,,,,,,,,,,
1137,1137,,,,,,,,,,,,,,,,,,,,,
1138,1138,,,,,,,,,,,,,,,,,,,,,
1139,1139,,,,,,,,,,,,,,,,,,,,,
1140,1140,,,,,,,,,,,,,,,,,,,,,
1141,1141,,,,,,,,,,,,,,,,,,,,,
1142,1142,,,,,,,,,,,,,,,,,,,,,
1143,1143,,,,,,,,,,,,,,,,,,,,,
1144,1144,,,,,,,,,,,,,,,,,,,,,
1145,1145,,,,,,,,,,,,,,,,,,,,,
1146,1146,,,,,,,,,,,,,,,,,,,,,
1147,1147,,,,,,,,,,,,,,,,,,,,,
1148,1148,,,,,,,,,,,,,,,,,,,,,
1149,1149,,,,,,,,,,,,,,,,,,,,,
1150,1150,,,,,,,,,,,,,,,,,,,,,
1151,1151,,,,,,,,,,,,,,,,,,,,,
1152,1152,,,,,,,,,,,,,,,,,,,,,
1153,1153,,,,,,,,,,,,,,,,,,,,,
1154,1154,,,,,,,,,,,,,,,,,,,,,
1155,1155,,,,,,,,,,,,,,,,,,,,,
1156,1156,,,,,,,,,,,,,,,,,,,,,
1157,1157,,,,,,,,,,,,,,,,,,,,,
1158,1158,,,,,,,,,,,,,,,,,,,,,
1159,1159,,,,,,,,,,,,,,,,,,,,,
1160,1160,,,,,,,,,,,,,,,,,,,,,
1161,1161,,,,,,,,,,,,,,,,,,,,,
1162,1162,,,,,,,,,,,,,,,,,,,,,
1163,1163,,,,,,,,,,,,,,,,,,,,,
1164,1164,,,,,,,,,,,,,,,,,,,,,
1165,1165,,,,,,,,,,,,,,,,,,,,,
1166,1166,,,,,,,,,,,,,,,,,,,,,
1167,1167,,,,,,,,,,,,,,,,,,,,,
1168,1168,,,,,,,,,,,,,,,,,,,,,
1169,1169,,,,,,,,,,,,,,,,,,,,,
1170,1170,,,,,,,,,,,,,,,,,,,,,
1171,1171,,,,,,,,,,,,,,,,,,,,,
1172,1172,,,,,,,,,,,,,,,,,,,,,
1173,1173,,,,,,,,,,,,,,,,,,,,,
